
{
    "variants": {
        "": [
            { "model": "block/leaves_birch" },
            { "model": "block/leaves_birch", "y": 90 },
            { "model": "block/leaves_birch", "y": 180 },
            { "model": "block/leaves_birch", "y": 270 },
            { "model": "block/leaves_birch2" },
            { "model": "block/leaves_birch2", "y": 90 },
            { "model": "block/leaves_birch2", "y": 180 },
            { "model": "block/leaves_birch2", "y": 270 },
            { "model": "block/leaves_birch3" },
            { "model": "block/leaves_birch3", "y": 90 },
            { "model": "block/leaves_birch3", "y": 180 },
            { "model": "block/leaves_birch3", "y": 270 }
        ]
    }
}
