{
    "variants": {
        "": [
            { "model": "block/spruce_leaves" },
            { "model": "block/spruce_leaves", "y": 90 },
            { "model": "block/spruce_leaves", "y": 180 },
            { "model": "block/spruce_leaves", "y": 270 },
            { "model": "block/spruce_leaves2" },
            { "model": "block/spruce_leaves2", "y": 90 },
            { "model": "block/spruce_leaves2", "y": 180 },
            { "model": "block/spruce_leaves2", "y": 270 },
            { "model": "block/spruce_leaves3" },
            { "model": "block/spruce_leaves3", "y": 90 },
            { "model": "block/spruce_leaves3", "y": 180 },
            { "model": "block/spruce_leaves3", "y": 270 }
            
        ]
    }
}
