{
	"credit": "Made with Blockbench",
	"textures": {
		"1": "block/bamboo_singleleaf",
		"all": "block/bamboo_stalk",
		"particle": "block/bamboo_stalk"
	},
	"elements": [
		{
			"from": [7, 0, 7],
			"to": [9, 16, 9],
			"faces": {
				"north": {"uv": [9.5, 0, 11.5, 16], "texture": "#all"},
				"east": {"uv": [9.5, 0, 11.5, 16], "texture": "#all"},
				"south": {"uv": [9.5, 0, 11.5, 16], "texture": "#all"},
				"west": {"uv": [9.5, 0, 11.5, 16], "texture": "#all"},
				"up": {"uv": [13, 0, 15, 2], "texture": "#all", "cullface": "up"},
				"down": {"uv": [13, 4, 15, 6], "texture": "#all", "cullface": "down"}
			}
		},
		{
			"from": [13.5, -2.5, -2],
			"to": [13.5, 13.5, 14],
			"rotation": {"angle": -45, "axis": "y", "origin": [8, 8, 0]},
			"faces": {
				"north": {"uv": [0, 0, 0, 16], "texture": "#1"},
				"east": {"uv": [0, 0, 16, 16], "texture": "#1"},
				"south": {"uv": [0, 0, 0, 16], "texture": "#1"},
				"west": {"uv": [16, 0, 0, 16], "texture": "#1"},
				"up": {"uv": [0, 0, 16, 0], "rotation": 270, "texture": "#1"},
				"down": {"uv": [0, 0, 16, 0], "rotation": 90, "texture": "#1"}
			}
		}
	]
}