{
	"credit": "Made with Blockbench",
	"textures": {
		"2": "block/bamboo_small_leaves_top",
		"particle": "block/bamboo_large_leaves",
		"texture": "block/bamboo_large_leaves"
	},
	"elements": [
		{
			"from": [15.25, -13.75, -6.4],
			"to": [15.25, 15.05, 22.4],
			"shade": false,
			"rotation": {"angle": 45, "axis": "z", "origin": [10.25, 10.75, 6]},
			"faces": {
				"east": {"uv": [0, 0, 16, 16], "texture": "#texture", "tintindex": 0},
				"west": {"uv": [0, 0, 16, 16], "texture": "#texture", "tintindex": 0}
			}
		},
		{
			"from": [-6.9, -10.75, 17.5],
			"to": [21.9, 18.05, 17.5],
			"shade": false,
			"rotation": {"angle": -45, "axis": "x", "origin": [5, 9.5, 15.75]},
			"faces": {
				"north": {"uv": [0, 0, 16, 16], "texture": "#texture", "tintindex": 0},
				"south": {"uv": [0, 0, 16, 16], "texture": "#texture", "tintindex": 0}
			}
		},
		{
			"from": [-1, -11, -6.15],
			"to": [-1, 17.8, 22.65],
			"shade": false,
			"rotation": {"angle": -45, "axis": "z", "origin": [1.5, 10, 10.25]},
			"faces": {
				"east": {"uv": [0, 0, 16, 16], "texture": "#texture", "tintindex": 0},
				"west": {"uv": [0, 0, 16, 16], "texture": "#texture", "tintindex": 0}
			}
		},
		{
			"from": [-6.15, -13, 0],
			"to": [22.65, 15.8, 0],
			"shade": false,
			"rotation": {"angle": 45, "axis": "x", "origin": [8.75, 10.75, 5]},
			"faces": {
				"north": {"uv": [0, 0, 16, 16], "texture": "#texture", "tintindex": 0},
				"south": {"uv": [0, 0, 16, 16], "texture": "#texture", "tintindex": 0}
			}
		},
		{
			"from": [-8, 16.21875, -8],
			"to": [24, 16.21875, 24],
			"faces": {
				"up": {"uv": [0, 0, 16, 16], "texture": "#2"},
				"down": {"uv": [0, 0, 16, 16], "texture": "#2"}
			}
		}
	]
}