{
	"credit": "Made with Blockbench",
	"textures": {
		"particle": "block/basalt_side",
		"side": "block/basalt_side",
		"end": "block/basalt_top"
	},
	"elements": [
		{
			"from": [0, 0, 0],
			"to": [16, 16, 16],
			"faces": {
				"north": {"uv": [0, 0, 16, 16], "texture": "#side", "cullface": "north"},
				"east": {"uv": [0, 0, 16, 16], "texture": "#end", "cullface": "east"},
				"south": {"uv": [0, 0, 16, 16], "texture": "#side", "cullface": "south"},
				"west": {"uv": [0, 0, 16, 16], "texture": "#end", "cullface": "west"},
				"up": {"uv": [0, 0, 16, 16], "texture": "#side", "cullface": "up"},
				"down": {"uv": [0, 0, 16, 16], "texture": "#side", "cullface": "down"}
			}
		}
	]
}