{
	"credit": "Made with Blockbench",
	"ambientocclusion": false,
	"texture_size": [32, 32],
	"textures": {
		"0": "block/birch_leaves_1",
		"1": "block/birch_leaves_2",
		"particle": "block/birch_leaves_1"
	},
	"elements": [
		{
			"from": [-11.8, -8, 11],
			"to": [29.8, 24, 11],
			"rotation": {"angle": 45, "axis": "y", "origin": [9, 8, 11]},
			"faces": {
				"north": {"uv": [0, 0, 16, 16], "texture": "#0", "tintindex": 0},
				"east": {"uv": [0, 0, 0, 0], "texture": "#0", "tintindex": 0},
				"south": {"uv": [0, 16, 16, 0], "rotation": 180, "texture": "#0", "tintindex": 0},
				"west": {"uv": [0, 0, 0, 0], "texture": "#0", "tintindex": 0},
				"up": {"uv": [0, 0, 0, 0], "texture": "#0", "tintindex": 0},
				"down": {"uv": [0, 0, 0, 0], "texture": "#0", "tintindex": 0}
			}
		},
		{
			"from": [-11.8, -8, 11],
			"to": [29.8, 24, 11],
			"rotation": {"angle": -45, "axis": "y", "origin": [9, 8, 11]},
			"faces": {
				"north": {"uv": [16, 0, 0, 16], "texture": "#0", "tintindex": 0},
				"east": {"uv": [0, 0, 0, 0], "texture": "#0", "tintindex": 0},
				"south": {"uv": [16, 16, 0, 0], "rotation": 180, "texture": "#0", "tintindex": 0},
				"west": {"uv": [0, 0, 0, 0], "texture": "#0", "tintindex": 0},
				"up": {"uv": [0, 0, 0, 0], "texture": "#0", "tintindex": 0},
				"down": {"uv": [0, 0, 0, 0], "texture": "#0", "tintindex": 0}
			}
		},
		{
			"from": [-5.5, 7.5, -5],
			"to": [17, 7.5, 27],
			"rotation": {"angle": 45, "axis": "z", "origin": [6.5, 11.5, 3]},
			"faces": {
				"north": {"uv": [0, 0, 0, 0], "texture": "#1", "tintindex": 0},
				"east": {"uv": [0, 0, 0, 0], "texture": "#1", "tintindex": 0},
				"south": {"uv": [0, 0, 0, 0], "texture": "#1", "tintindex": 0},
				"west": {"uv": [0, 0, 0, 0], "texture": "#1", "tintindex": 0},
				"up": {"uv": [0, 2.5, 16, 13.75], "rotation": 90, "texture": "#1", "tintindex": 0},
				"down": {"uv": [0, 2.5, 16, 13.75], "rotation": 90, "texture": "#1", "tintindex": 0}
			}
		},
		{
			"from": [-7, 8.22487, -0.40381],
			"to": [25, 8.22487, 22.09619],
			"rotation": {"angle": -45, "axis": "x", "origin": [9, 8.125, 10.9231]},
			"faces": {
				"north": {"uv": [0, 0, 0, 0], "texture": "#1", "tintindex": 0},
				"east": {"uv": [0, 0, 0, 0], "texture": "#1", "tintindex": 0},
				"south": {"uv": [0, 0, 0, 0], "texture": "#1", "tintindex": 0},
				"west": {"uv": [0, 0, 0, 0], "texture": "#1", "tintindex": 0},
				"up": {"uv": [0, 4.75, 16, 16], "texture": "#1", "tintindex": 0},
				"down": {"uv": [0, 16, 16, 4.75], "texture": "#1", "tintindex": 0}
			}
		},
		{
			"from": [-5.25, 8.75, -5],
			"to": [17.25, 8.75, 27],
			"rotation": {"angle": -45, "axis": "z", "origin": [6.75, 4.75, 3]},
			"faces": {
				"north": {"uv": [0, 0, 0, 0], "texture": "#1", "tintindex": 0},
				"east": {"uv": [0, 0, 0, 0], "texture": "#1", "tintindex": 0},
				"south": {"uv": [0, 0, 0, 0], "texture": "#1", "tintindex": 0},
				"west": {"uv": [0, 0, 0, 0], "texture": "#1", "tintindex": 0},
				"up": {"uv": [0, 4.75, 16, 16], "rotation": 90, "texture": "#1", "tintindex": 0},
				"down": {"uv": [16, 4.75, 0, 16], "rotation": 90, "texture": "#1", "tintindex": 0}
			}
		},
		{
			"from": [-7, 8.2019, -0.22703],
			"to": [25, 8.2019, 22.27297],
			"rotation": {"angle": 45, "axis": "x", "origin": [9, 8.125, 10.9231]},
			"faces": {
				"north": {"uv": [0, 0, 0, 0], "texture": "#1", "tintindex": 0},
				"east": {"uv": [0, 0, 0, 0], "texture": "#1", "tintindex": 0},
				"south": {"uv": [0, 0, 0, 0], "texture": "#1", "tintindex": 0},
				"west": {"uv": [0, 0, 0, 0], "texture": "#1", "tintindex": 0},
				"up": {"uv": [16, 16, 0, 4.75], "texture": "#1", "tintindex": 0},
				"down": {"uv": [16, 4.75, 0, 16], "texture": "#1", "tintindex": 0}
			}
		}
	],
	"display": {
		"thirdperson_righthand": {
			"rotation": [75, 45, 0],
			"translation": [0, 2.5, 0],
			"scale": [0.375, 0.375, 0.375]
		},
		"thirdperson_lefthand": {
			"rotation": [75, 45, 0],
			"translation": [0, 2.5, 0],
			"scale": [0.375, 0.375, 0.375]
		},
		"firstperson_righthand": {
			"rotation": [0, 45, 0],
			"scale": [0.4, 0.4, 0.4]
		},
		"firstperson_lefthand": {
			"rotation": [0, 225, 0],
			"scale": [0.4, 0.4, 0.4]
		},
		"ground": {
			"translation": [0, 3, 0],
			"scale": [0.25, 0.25, 0.25]
		},
		"gui": {
			"rotation": [30, -15, 0],
			"translation": [-0.25, -0.5, 0],
			"scale": [0.42, 0.42, 0.42]
		},
		"fixed": {
			"scale": [0.5, 0.5, 0.5]
		}
	},
	"groups": [0, 1,
		{
			"name": "group",
			"origin": [8, 8, 8],
			"color": 0,
			"children": [2, 3, 4, 5]
		}
	]
}