{
	"parent": "block/block",
	"textures": {
		"particle": "block/small_candles",
		"holder": "block/small_candles",
		"candle": "block/candle_lit"
	},
	"elements": [ 	 
		{
			"from": [ 6.75, 0, 6.75 ],
			"to": [ 9.25, 3, 9.25 ],
			"faces": {
				"up": { "uv": [ 0, 4, 2.5, 6.5 ], "texture": "#holder" },
				"north": { "uv": [ 7, 6, 9.5, 9 ], "texture": "#candle" },
				"south": { "uv": [ 7, 6, 9.5, 9 ], "texture": "#candle" },
				"west": { "uv": [ 7, 6, 9.5, 9 ], "texture": "#candle" },
				"east": { "uv": [ 7, 6, 9.5, 9 ], "texture": "#candle" }
			}
		},
		{
			"from": [ 6.625, 0, 6.625 ],
			"to": [ 9.375, 0.75, 9.375 ],
			"faces": {
				"down": { "uv": [ 0, 1, 3, 4 ], "texture": "#holder" },
				"north": { "uv": [ 0, 0, 3.5, 1 ], "texture": "#holder" },
				"south": { "uv": [ 0, 0, 3.5, 1 ], "texture": "#holder" },
				"west": { "uv": [ 0, 0, 3.5, 1 ], "texture": "#holder" },
				"east": { "uv": [ 0, 0, 3.5, 1 ], "texture": "#holder" }
			}
		},
		{
			"from": [ 7.125, 3, 8 ],
			"to": [ 8.875, 5, 8.001 ],
			"faces": {
				"north": { "uv": [ 6.5, 2, 10, 6 ], "texture": "#candle" },
				"south": { "uv": [ 10, 2, 6.5, 6 ], "texture": "#candle" }
			}
		},
		{
			"from": [ 8, 3, 7.125 ],
			"to": [ 8.001, 5, 8.875 ],
			"faces": {
				"west": { "uv": [ 10, 2, 6.5, 6 ], "texture": "#candle" },
				"east": { "uv": [ 6.5, 2, 10, 6 ], "texture": "#candle" }
			}
		},
		{
			"from": [ 2.75, 0, 3.75 ],
			"to": [ 5.25, 2, 6.25 ],
			"rotation": { "origin": [ 4, 1, 5 ], "axis": "y", "angle": 45 },
			"faces": {
				"up": { "uv": [ 0, 4, 2.5, 6.5 ], "texture": "#holder" },
				"north": { "uv": [ 7, 7, 9.5, 9 ], "texture": "#candle" },
				"south": { "uv": [ 7, 7, 9.5, 9 ], "texture": "#candle" },
				"west": { "uv": [ 7, 7, 9.5, 9 ], "texture": "#candle" },
				"east": { "uv": [ 7, 7, 9.5, 9 ], "texture": "#candle" }
			}
		},
		{
			"from": [ 2.625, 0, 3.625 ],
			"to": [ 5.375, 0.75, 6.375 ],
			"rotation": { "origin": [ 4, 1, 5 ], "axis": "y", "angle": 45 },
			"faces": {
				"down": { "uv": [ 0, 1, 3, 4 ], "texture": "#holder" },
				"north": { "uv": [ 0, 0, 3.5, 1 ], "texture": "#holder" },
				"south": { "uv": [ 0, 0, 3.5, 1 ], "texture": "#holder" },
				"west": { "uv": [ 0, 0, 3.5, 1 ], "texture": "#holder" },
				"east": { "uv": [ 0, 0, 3.5, 1 ], "texture": "#holder" }
			}
		},
		{
			"from": [ 3.125, 2, 5 ],
			"to": [ 4.875, 4, 5.001 ],
			"rotation": { "origin": [ 4, 1, 5 ], "axis": "y", "angle": 22.5 },
			"faces": {
				"north": { "uv": [ 6.5, 2, 10, 6 ], "texture": "#candle" },
				"south": { "uv": [ 10, 2, 6.5, 6 ], "texture": "#candle" }
			}
		},
		{
			"from": [ 4, 2, 4.125 ],
			"to": [ 4.001, 4, 5.875 ],
			"rotation": { "origin": [ 4, 1, 5 ], "axis": "y", "angle": 22.5 },
			"faces": {
				"west": { "uv": [ 10, 2, 6.5, 6 ], "texture": "#candle" },
				"east": { "uv": [ 6.5, 2, 10, 6 ], "texture": "#candle" }
			}
		},
		{
			"from": [ 10.75, 0, 4.25 ],
			"to": [ 13.25, 1.5, 6.75 ],
			"rotation": { "origin": [ 12, 1, 5.5 ], "axis": "y", "angle": -22.5 },
			"faces": {
				"up": { "uv": [ 0, 4, 2.5, 6.5 ], "texture": "#holder" },
				"north": { "uv": [ 7, 6, 9.5, 7.5 ], "texture": "#candle" },
				"south": { "uv": [ 7, 6, 9.5, 7.5 ], "texture": "#candle" },
				"west": { "uv": [ 7, 6, 9.5, 7.5 ], "texture": "#candle" },
				"east": { "uv": [ 7, 6, 9.5, 7.5 ], "texture": "#candle" }
			}
		},
		{
			"from": [ 10.625, 0, 4.125 ],
			"to": [ 13.375, 0.75, 6.875 ],
			"rotation": { "origin": [ 12, 1, 5.5 ], "axis": "y", "angle": -22.5 },
			"faces": {
				"down": { "uv": [ 0, 1, 3, 4 ], "texture": "#holder" },
				"north": { "uv": [ 0, 0, 3.5, 1 ], "texture": "#holder" },
				"south": { "uv": [ 0, 0, 3.5, 1 ], "texture": "#holder" },
				"west": { "uv": [ 0, 0, 3.5, 1 ], "texture": "#holder" },
				"east": { "uv": [ 0, 0, 3.5, 1 ], "texture": "#holder" }
			}
		},
		{
			"from": [ 11.125, 1.5, 5.5 ],
			"to": [ 12.875, 3.5, 5.501 ],
			"rotation": { "origin": [ 12, 1, 5.5 ], "axis": "y", "angle": 22.5 },
			"faces": {
				"north": { "uv": [ 10, 2, 6.5, 6 ], "texture": "#candle" },
				"south": { "uv": [ 6.5, 2, 10, 6 ], "texture": "#candle" }
			}
		},
		{
			"from": [ 12, 1.5, 4.625 ],
			"to": [ 12.001, 3.5, 6.375 ],
			"rotation": { "origin": [ 12, 1, 5.5 ], "axis": "y", "angle": 22.5 },
			"faces": {
				"west": { "uv": [ 6.5, 2, 10, 6 ], "texture": "#candle" },
				"east": { "uv": [ 10, 2, 6.5, 6 ], "texture": "#candle" }
			}
		},
		{
			"from": [ 6.25, 0, 11.75 ],
			"to": [ 8.75, 1, 14.25 ],
			"rotation": { "origin": [ 7.5, 1, 13 ], "axis": "y", "angle": 22.5 },
			"faces": {
				"up": { "uv": [ 0, 4, 2.5, 6.5 ], "texture": "#holder", "rotation": 270 },
				"north": { "uv": [ 7, 8.5, 9.5, 9.5 ], "texture": "#candle" },
				"south": { "uv": [ 7, 8.5, 9.5, 9.5 ], "texture": "#candle" },
				"west": { "uv": [ 7, 8.5, 9.5, 9.5 ], "texture": "#candle" },
				"east": { "uv": [ 7, 8.5, 9.5, 9.5 ], "texture": "#candle" }
			}
		},
		{
			"from": [ 6.125, 0, 11.625 ],
			"to": [ 8.875, 0.75, 14.375 ],
			"rotation": { "origin": [ 7.5, 1, 13 ], "axis": "y", "angle": 22.5 },
			"faces": {
				"down": { "uv": [ 0, 1, 3, 4 ], "texture": "#holder", "rotation": 90 },
				"north": { "uv": [ 0, 0, 3.5, 1 ], "texture": "#holder" },
				"south": { "uv": [ 0, 0, 3.5, 1 ], "texture": "#holder" },
				"west": { "uv": [ 0, 0, 3.5, 1 ], "texture": "#holder" },
				"east": { "uv": [ 0, 0, 3.5, 1 ], "texture": "#holder" }
			}
		},
		{
			"from": [ 7.5, 1, 12.125 ],
			"to": [ 7.501, 3, 13.875 ],
			"faces": {
				"west": { "uv": [ 6.5, 2, 10, 6 ], "texture": "#candle" },
				"east": { "uv": [ 10, 2, 6.5, 6 ], "texture": "#candle" }
			}
		},
		{
			"from": [ 6.625, 1, 13 ],
			"to": [ 8.375, 3, 13.001 ],
			"faces": {
				"north": { "uv": [ 6.5, 2, 10, 6 ], "texture": "#candle" },
				"south": { "uv": [ 10, 2, 6.5, 6 ], "texture": "#candle" }
			}
		},
		{
			"from": [ 1.75, 0, 9.25 ],
			"to": [ 4.25, 1.5, 11.75 ],
			"rotation": { "origin": [ 3, 0, 10.5 ], "axis": "y", "angle": 45 },
			"faces": {
				"up": { "uv": [ 0, 4, 2.5, 6.5 ], "texture": "#holder" },
				"north": { "uv": [ 7, 6, 9.5, 7.5 ], "texture": "#candle" },
				"south": { "uv": [ 7, 6, 9.5, 7.5 ], "texture": "#candle" },
				"west": { "uv": [ 7, 6, 9.5, 7.5 ], "texture": "#candle" },
				"east": { "uv": [ 7, 6, 9.5, 7.5 ], "texture": "#candle" }
			}
		},
		{
			"from": [ 1.625, 0, 9.125 ],
			"to": [ 4.375, 0.75, 11.875 ],
			"rotation": { "origin": [ 3, 0, 10.5 ], "axis": "y", "angle": 45 },
			"faces": {
				"down": { "uv": [ 0, 1, 3, 4 ], "texture": "#holder" },
				"north": { "uv": [ 0, 0, 3.5, 1 ], "texture": "#holder" },
				"south": { "uv": [ 0, 0, 3.5, 1 ], "texture": "#holder" },
				"west": { "uv": [ 0, 0, 3.5, 1 ], "texture": "#holder" },
				"east": { "uv": [ 0, 0, 3.5, 1 ], "texture": "#holder" }
			}
		},
		{
			"from": [ 2.125, 1.5, 10.5 ],
			"to": [ 3.875, 3.5, 10.501 ],
			"rotation": { "origin": [ 3, 0, 10.5 ], "axis": "y", "angle": 45 },
			"faces": {
				"north": { "uv": [ 6.5, 2, 10, 6 ], "texture": "#candle" },
				"south": { "uv": [ 10, 2, 6.5, 6 ], "texture": "#candle" }
			}
		},
		{
			"from": [ 3, 1.5, 9.625 ],
			"to": [ 3.001, 3.5, 11.375 ],
			"rotation": { "origin": [ 3, 0, 10.5 ], "axis": "y", "angle": 45 },
			"faces": {
				"west": { "uv": [ 10, 2, 6.5, 6 ], "texture": "#candle" },
				"east": { "uv": [ 6.5, 2, 10, 6 ], "texture": "#candle" }
			}
		},
		{
			"from": [ 10.25, 0, 9.25 ],
			"to": [ 12.75, 2, 11.75 ],
			"rotation": { "origin": [ 11.5, 0, 10.5 ], "axis": "y", "angle": -45 },
			"faces": {
				"up": { "uv": [ 0, 4, 2.5, 6.5 ], "texture": "#holder" },
				"north": { "uv": [ 7, 6, 9.5, 8 ], "texture": "#candle" },
				"south": { "uv": [ 7, 6, 9.5, 8 ], "texture": "#candle" },
				"west": { "uv": [ 7, 6, 9.5, 8 ], "texture": "#candle" },
				"east": { "uv": [ 7, 6, 9.5, 8 ], "texture": "#candle" }
			}
		},
		{
			"from": [ 10.125, 0, 9.125 ],
			"to": [ 12.875, 0.75, 11.875 ],
			"rotation": { "origin": [ 11.5, 0, 10.5 ], "axis": "y", "angle": -45 },
			"faces": {
				"down": { "uv": [ 0, 1, 3, 4 ], "texture": "#holder" },
				"north": { "uv": [ 0, 0, 3.5, 1 ], "texture": "#holder" },
				"south": { "uv": [ 0, 0, 3.5, 1 ], "texture": "#holder" },
				"west": { "uv": [ 0, 0, 3.5, 1 ], "texture": "#holder" },
				"east": { "uv": [ 0, 0, 3.5, 1 ], "texture": "#holder" }
			}
		},
		{
			"from": [ 10.625, 2, 10.5 ],
			"to": [ 12.375, 4, 10.501 ],
			"rotation": { "origin": [ 11.5, 0, 10.5 ], "axis": "y", "angle": 22.5 },
			"faces": {
				"north": { "uv": [ 6.5, 2, 10, 6 ], "texture": "#candle" },
				"south": { "uv": [ 10, 2, 6.5, 6 ], "texture": "#candle" }
			}
		},
		{
			"from": [ 11.5, 2, 9.625 ],
			"to": [ 11.501, 4, 11.375 ],
			"rotation": { "origin": [ 11.5, 0, 10.5 ], "axis": "y", "angle": 22.5 },
			"faces": {
				"west": { "uv": [ 10, 2, 6.5, 6 ], "texture": "#candle" },
				"east": { "uv": [ 6.5, 2, 10, 6 ], "texture": "#candle" }
			}
		},
		{
			"from": [ 7.25, 0, 1.75 ],
			"to": [ 9.75, 1.5, 4.25 ],
			"rotation": { "origin": [ 8.5, 0, 3 ], "axis": "y", "angle": 22.5 },
			"faces": {
				"up": { "uv": [ 0, 4, 2.5, 6.5 ], "texture": "#holder", "rotation": 90 },
				"north": { "uv": [ 7, 6, 9.5, 7.5 ], "texture": "#candle" },
				"south": { "uv": [ 7, 6, 9.5, 7.5 ], "texture": "#candle" },
				"west": { "uv": [ 7, 6, 9.5, 7.5 ], "texture": "#candle" },
				"east": { "uv": [ 7, 6, 9.5, 7.5 ], "texture": "#candle" }
			}
		},
		{
			"from": [ 7.125, 0, 1.625 ],
			"to": [ 9.875, 0.75, 4.375 ],
			"rotation": { "origin": [ 8.5, 0, 3 ], "axis": "y", "angle": 22.5 },
			"faces": {
				"down": { "uv": [ 0, 1, 3, 4 ], "texture": "#holder", "rotation": 270 },
				"north": { "uv": [ 0, 0, 3.5, 1 ], "texture": "#holder" },
				"south": { "uv": [ 0, 0, 3.5, 1 ], "texture": "#holder" },
				"west": { "uv": [ 0, 0, 3.5, 1 ], "texture": "#holder" },
				"east": { "uv": [ 0, 0, 3.5, 1 ], "texture": "#holder" }
			}
		},
		{
			"from": [ 7.625, 1.5, 3 ],
			"to": [ 9.375, 3.5, 3.001 ],
			"faces": {
				"north": { "uv": [ 6.5, 2, 10, 6 ], "texture": "#candle" },
				"south": { "uv": [ 10, 2, 6.5, 6 ], "texture": "#candle" }
			}
		},
		{
			"from": [ 8.5, 1.5, 2.125 ],
			"to": [ 8.501, 3.5, 3.875 ],
			"faces": {
				"west": { "uv": [ 10, 2, 6.5, 6 ], "texture": "#candle" },
				"east": { "uv": [ 6.5, 2, 10, 6 ], "texture": "#candle" }
			}
		},
		{
			"from": [ 12.25, 0, 12.25 ],
			"to": [ 14.75, 1, 14.75 ],
			"rotation": { "origin": [ 13.5, 1, 13.5 ], "axis": "y", "angle": 22.5 },
			"faces": {
				"up": { "uv": [ 0, 4, 2.5, 6.5 ], "texture": "#holder", "rotation": 270 },
				"north": { "uv": [ 7, 8.5, 9.5, 9.5 ], "texture": "#candle" },
				"south": { "uv": [ 7, 8.5, 9.5, 9.5 ], "texture": "#candle" },
				"west": { "uv": [ 7, 8.5, 9.5, 9.5 ], "texture": "#candle" },
				"east": { "uv": [ 7, 8.5, 9.5, 9.5 ], "texture": "#candle" }
			}
		},
		{
			"from": [ 12.125, 0, 12.125 ],
			"to": [ 14.875, 0.75, 14.875 ],
			"rotation": { "origin": [ 13.5, 1, 13.5 ], "axis": "y", "angle": 22.5 },
			"faces": {
				"down": { "uv": [ 0, 1, 3, 4 ], "texture": "#holder", "rotation": 90 },
				"north": { "uv": [ 0, 0, 3.5, 1 ], "texture": "#holder" },
				"south": { "uv": [ 0, 0, 3.5, 1 ], "texture": "#holder" },
				"west": { "uv": [ 0, 0, 3.5, 1 ], "texture": "#holder" },
				"east": { "uv": [ 0, 0, 3.5, 1 ], "texture": "#holder" }
			}
		},
		{
			"from": [ 13.5, 1, 12.625 ],
			"to": [ 13.501, 3, 14.375 ],
			"faces": {
				"west": { "uv": [ 6.5, 2, 10, 6 ], "texture": "#candle" },
				"east": { "uv": [ 10, 2, 6.5, 6 ], "texture": "#candle" }
			}
		},
		{
			"from": [ 12.625, 1, 13.5 ],
			"to": [ 14.375, 3, 13.501 ],
			"faces": {
				"north": { "uv": [ 6.5, 2, 10, 6 ], "texture": "#candle" },
				"south": { "uv": [ 10, 2, 6.5, 6 ], "texture": "#candle" }
			}
		},
		{
			"from": [ 1.7499, 0, 13.25 ],
			"to": [ 4.2499, 1, 15.75 ],
			"faces": {
				"up": { "uv": [ 0, 6.5, 2.5, 4 ], "texture": "#holder", "rotation": 270 },
				"north": { "uv": [ 9.5, 8.5, 7, 9.5 ], "texture": "#candle" },
				"south": { "uv": [ 9.5, 8.5, 7, 9.5 ], "texture": "#candle" },
				"west": { "uv": [ 9.5, 8.5, 7, 9.5 ], "texture": "#candle" },
				"east": { "uv": [ 9.5, 8.5, 7, 9.5 ], "texture": "#candle" }
			}
		},
		{
			"from": [ 1.6249, 0, 13.125 ],
			"to": [ 4.3749, 0.75, 15.875 ],
			"faces": {
				"down": { "uv": [ 0, 4, 3, 1 ], "texture": "#holder", "rotation": 90 },
				"north": { "uv": [ 3.5, 0, 0, 1 ], "texture": "#holder" },
				"south": { "uv": [ 3.5, 0, 0, 1 ], "texture": "#holder" },
				"west": { "uv": [ 3.5, 0, 0, 1 ], "texture": "#holder" },
				"east": { "uv": [ 3.5, 0, 0, 1 ], "texture": "#holder" }
			}
		},
		{
			"from": [ 2.999, 1, 13.625 ],
			"to": [ 3, 3, 15.375 ],
			"faces": {
				"west": { "uv": [ 6.5, 2, 10, 6 ], "texture": "#candle" },
				"east": { "uv": [ 10, 2, 6.5, 6 ], "texture": "#candle" }
			}
		},
		{
			"from": [ 2.125, 1, 14.5 ],
			"to": [ 3.875, 3, 14.501 ],
			"faces": {
				"north": { "uv": [ 10, 2, 6.5, 6 ], "texture": "#candle" },
				"south": { "uv": [ 6.5, 2, 10, 6 ], "texture": "#candle" }
			}
		},
		{
			"from": [ 12.2501, 0, 1.25 ],
			"to": [ 14.7501, 1, 3.75 ],
			"rotation": { "origin": [ 13.50015, 1.21875, 2.49989 ], "axis": "y", "angle": 22.5 },
			"faces": {
				"up": { "uv": [ 2.5, 4, 0, 6.5 ], "texture": "#holder", "rotation": 270 },
				"north": { "uv": [ 9.5, 8.5, 7, 9.5 ], "texture": "#candle" },
				"south": { "uv": [ 9.5, 8.5, 7, 9.5 ], "texture": "#candle" },
				"west": { "uv": [ 9.5, 8.5, 7, 9.5 ], "texture": "#candle" },
				"east": { "uv": [ 9.5, 8.5, 7, 9.5 ], "texture": "#candle" }
			}
		},
		{
			"from": [ 12.1251, 0, 1.125 ],
			"to": [ 14.8751, 0.75, 3.875 ],
			"rotation": { "origin": [ 13.50015, 1.21875, 2.49989 ], "axis": "y", "angle": 22.5 },
			"faces": {
				"down": { "uv": [ 3, 1, 0, 4 ], "texture": "#holder", "rotation": 90 },
				"north": { "uv": [ 3.5, 0, 0, 1 ], "texture": "#holder" },
				"south": { "uv": [ 3.5, 0, 0, 1 ], "texture": "#holder" },
				"west": { "uv": [ 3.5, 0, 0, 1 ], "texture": "#holder" },
				"east": { "uv": [ 3.5, 0, 0, 1 ], "texture": "#holder" }
			}
		},
		{
			"from": [ 13.5, 1, 1.625 ],
			"to": [ 13.501, 3, 3.375 ],
			"rotation": { "origin": [ 13.50015, 1.21875, 2.49989 ], "axis": "y", "angle": 22.5 },
			"faces": {
				"west": { "uv": [ 10, 2, 6.5, 6 ], "texture": "#candle" },
				"east": { "uv": [ 6.5, 2, 10, 6 ], "texture": "#candle" }
			}
		},
		{
			"from": [ 12.625, 1, 2.499 ],
			"to": [ 14.375, 3, 2.5 ],
			"rotation": { "origin": [ 13.50015, 1.21875, 2.49989 ], "axis": "y", "angle": 22.5 },
			"faces": {
				"north": { "uv": [ 6.5, 2, 10, 6 ], "texture": "#candle" },
				"south": { "uv": [ 10, 2, 6.5, 6 ], "texture": "#candle" }
			}
		},
		{
			"from": [ 12.7501, 0, 7.25 ],
			"to": [ 15.2501, 1, 9.75 ],
			"rotation": { "origin": [ 14.00015, 1.21875, 8.50011 ], "axis": "y", "angle": 22.5 },
			"faces": {
				"up": { "uv": [ 0, 4, 2.5, 6.5 ], "texture": "#holder", "rotation": 270 },
				"north": { "uv": [ 7, 8.5, 9.5, 9.5 ], "texture": "#candle" },
				"south": { "uv": [ 7, 8.5, 9.5, 9.5 ], "texture": "#candle" },
				"west": { "uv": [ 7, 8.5, 9.5, 9.5 ], "texture": "#candle" },
				"east": { "uv": [ 7, 8.5, 9.5, 9.5 ], "texture": "#candle" }
			}
		},
		{
			"from": [ 12.6251, 0, 7.125 ],
			"to": [ 15.3751, 0.75, 9.875 ],
			"rotation": { "origin": [ 14.00015, 1.21875, 8.50011 ], "axis": "y", "angle": 22.5 },
			"faces": {
				"down": { "uv": [ 0, 1, 3, 4 ], "texture": "#holder", "rotation": 90 },
				"north": { "uv": [ 0, 0, 3.5, 1 ], "texture": "#holder" },
				"south": { "uv": [ 0, 0, 3.5, 1 ], "texture": "#holder" },
				"west": { "uv": [ 0, 0, 3.5, 1 ], "texture": "#holder" },
				"east": { "uv": [ 0, 0, 3.5, 1 ], "texture": "#holder" }
			}
		},
		{
			"from": [ 14, 1, 7.625 ],
			"to": [ 14.001, 3, 9.375 ],
			"rotation": { "origin": [ 14.00015, 1.21875, 8.50011 ], "axis": "y", "angle": 22.5 },
			"faces": {
				"west": { "uv": [ 6.5, 2, 10, 6 ], "texture": "#candle" },
				"east": { "uv": [ 10, 2, 6.5, 6 ], "texture": "#candle" }
			}
		},
		{
			"from": [ 13.125, 1, 8.5 ],
			"to": [ 14.875, 3, 8.501 ],
			"rotation": { "origin": [ 14.00015, 1.21875, 8.50011 ], "axis": "y", "angle": 22.5 },
			"faces": {
				"north": { "uv": [ 6.5, 2, 10, 6 ], "texture": "#candle" },
				"south": { "uv": [ 10, 2, 6.5, 6 ], "texture": "#candle" }
			}
		},
		{
			"from": [ 3.75, 0, 0.25 ],
			"to": [ 6.25, 1, 2.75 ],
			"faces": {
				"up": { "uv": [ 0, 4, 2.5, 6.5 ], "texture": "#holder" },
				"north": { "uv": [ 7, 7, 9.5, 8 ], "texture": "#candle" },
				"south": { "uv": [ 7, 7, 9.5, 8 ], "texture": "#candle" },
				"west": { "uv": [ 7, 7, 9.5, 8 ], "texture": "#candle" },
				"east": { "uv": [ 7, 7, 9.5, 8 ], "texture": "#candle" }
			}
		},
		{
			"from": [ 3.625, 0, 0.125 ],
			"to": [ 6.375, 0.75, 2.875 ],
			"faces": {
				"down": { "uv": [ 0, 1, 3, 4 ], "texture": "#holder" },
				"north": { "uv": [ 0, 0, 3.5, 1 ], "texture": "#holder" },
				"south": { "uv": [ 0, 0, 3.5, 1 ], "texture": "#holder" },
				"west": { "uv": [ 0, 0, 3.5, 1 ], "texture": "#holder" },
				"east": { "uv": [ 0, 0, 3.5, 1 ], "texture": "#holder" }
			}
		},
		{
			"from": [ 4.125, 1, 1.5 ],
			"to": [ 5.875, 3, 1.501 ],
			"faces": {
				"north": { "uv": [ 6.5, 2, 10, 6 ], "texture": "#candle" },
				"south": { "uv": [ 10, 2, 6.5, 6 ], "texture": "#candle" }
			}
		},
		{
			"from": [ 5, 1, 0.625 ],
			"to": [ 5.001, 3, 2.375 ],
			"faces": {
				"west": { "uv": [ 10, 2, 6.5, 6 ], "texture": "#candle" },
				"east": { "uv": [ 6.5, 2, 10, 6 ], "texture": "#candle" }
			}
		}
	],
	"display": {
		"thirdperson_righthand": {
			"rotation":  [ 75, 45, 0 ],
			"translation":  [ 0, 3.5, 4 ],
			"scale":  [ 0.475, 0.475, 0.475 ]
		},
		"thirdperson_lefthand": {
			"rotation":  [ 75, 45, 0 ],
			"translation":  [ 0, 3.5, 4 ],
			"scale":  [ 0.475, 0.475, 0.475 ]
		},
		"firstperson_righthand": {
			"rotation":  [ 0, 45, 0 ],
			"translation":  [ 0, 6, 0 ],
			"scale":  [ 0.6, 0.6, 0.6 ]
		},
		"firstperson_lefthand": {
			"rotation":  [ 0, 45, 0 ],
			"translation":  [ 0, 6, 0 ],
			"scale":  [ 0.6, 0.6, 0.6 ]
		},
		"gui": {
			"rotation":  [ 30, 225, 0 ],
			"translation":  [ 0, 2, 0 ],
			"scale":  [ 0.725, 0.725, 0.725 ]
		}
	}
}