{
	"textures": {
		"particle": "block/blue_candle",
		"candle": "block/blue_candle",
		"flame": "block/blue_candle_flame"
	},
	"elements": [ 	 
		{
			"from": [ 6.5, 0, 6.5 ],
			"to": [ 9.5, 10, 9.5 ],
			"faces": {
				"down": { "uv": [ 0, 7, 3, 10 ], "texture": "#candle" },
				"north": { "uv": [ 0, 0, 3, 10 ], "texture": "#candle" },
				"south": { "uv": [ 0, 0, 3, 10 ], "texture": "#candle" },
				"west": { "uv": [ 0, 0, 3, 10 ], "texture": "#candle" },
				"east": { "uv": [ 0, 0, 3, 10 ], "texture": "#candle" }
			}
		},
		{
			"from": [ 6, 6, 6 ],
			"to": [ 10, 10, 10 ],
			"faces": {
				"up": { "uv": [ 3, 7, 6.5, 10.5 ], "texture": "#candle" },
				"north": { "uv": [ 3, 10.5, 6.5, 14 ], "texture": "#candle" },
				"south": { "uv": [ 3, 10.5, 6.5, 14 ], "texture": "#candle" },
				"west": { "uv": [ 3, 10.5, 6.5, 14 ], "texture": "#candle" },
				"east": { "uv": [ 3, 10.5, 6.5, 14 ], "texture": "#candle" }
			}
		},
		{
			"from": [ 8, 10, 6.25 ],
			"to": [ 8.001, 14, 9.75 ],
			"faces": {
				"west": { "uv": [ 6.5, 2, 10, 6 ], "texture": "#flame" },
				"east": { "uv": [ 6.5, 2, 10, 6 ], "texture": "#flame" }
			}
		},
		{
			"from": [ 6.25, 10, 8 ],
			"to": [ 9.75, 14, 8.001 ],
			"faces": {
				"north": { "uv": [ 6.5, 2, 10, 6 ], "texture": "#flame" },
				"south": { "uv": [ 6.5, 2, 10, 6 ], "texture": "#flame" }
			}
		},
		{
			"from": [ 6.5, 0, 3 ],
			"to": [ 10, 7, 6.5 ],
			"rotation": { "origin": [ 8.25, 3.5, 4.75 ], "axis": "y", "angle": -22.5 },
			"faces": {
				"down": { "uv": [ 3, 3.5, 6.5, 7 ], "texture": "#candle" },
				"up": { "uv": [ 3, 7, 6.5, 10.5 ], "texture": "#candle" },
				"north": { "uv": [ 3, 0, 6.5, 7 ], "texture": "#candle" },
				"south": { "uv": [ 3, 0, 6.5, 7 ], "texture": "#candle" },
				"west": { "uv": [ 3, 0, 6.5, 7 ], "texture": "#candle" },
				"east": { "uv": [ 3, 0, 6.5, 7 ], "texture": "#candle" }
			}
		},
		{
			"from": [ 8.25, 7, 3 ],
			"to": [ 8.251, 11, 6.5 ],
			"rotation": { "origin": [ 8.25, 9, 4.75 ], "axis": "y", "angle": 45 },
			"faces": {
				"west": { "uv": [ 6.5, 2, 10, 6 ], "texture": "#flame" },
				"east": { "uv": [ 6.5, 2, 10, 6 ], "texture": "#flame" }
			}
		},
		{
			"from": [ 6.5, 7, 4.75 ],
			"to": [ 10, 11, 4.751 ],
			"rotation": { "origin": [ 8.25, 9, 4.75 ], "axis": "y", "angle": 45 },
			"faces": {
				"north": { "uv": [ 6.5, 2, 10, 6 ], "texture": "#flame" },
				"south": { "uv": [ 6.5, 2, 10, 6 ], "texture": "#flame" }
			}
		}
	]
}