{
	"credit": "Made with Blockbench",
	"ambientocclusion": false,
	"textures": {
		"2": "block/mushroom_brown",
		"17": "block/mushroom_base",
		"20": "block/empty",
		"particle": "block/mushroom_brown"

	},
	"elements": [
		{
			"from": [6, 0, -3],
			"to": [6, 16, 13],
			"rotation": {"angle": 45, "axis": "y", "origin": [3.5, 8, 5]},
			"faces": {
				"north": {"uv": [0, 0, 0, 16], "texture": "#20"},
				"east": {"uv": [0, 0, 16, 16], "texture": "#20"},
				"south": {"uv": [0, 0, 0, 16], "texture": "#20"},
				"west": {"uv": [16, 0, 0, 16], "texture": "#20"},
				"up": {"uv": [0, 0, 16, 0], "rotation": 90, "texture": "#20"},
				"down": {"uv": [0, 0, 16, 0], "rotation": 270, "texture": "#20"}
			}
		},
		{
			"from": [-4.5, 0, 6.5],
			"to": [11.5, 16, 6.5],
			"rotation": {"angle": 0, "axis": "y", "origin": [3.5, 8, 5]},
			"faces": {
				"north": {"uv": [0, 0, 16, 16], "texture": "#2"},
				"east": {"uv": [0, 0, 0, 16], "texture": "#2"},
				"south": {"uv": [16, 0, 0, 16], "texture": "#2"},
				"west": {"uv": [0, 0, 0, 16], "texture": "#2"},
				"up": {"uv": [0, 0, 16, 0], "rotation": 180, "texture": "#2"},
				"down": {"uv": [0, 0, 16, 0], "rotation": 180, "texture": "#2"}
			}
		},
		{
			"from": [0.5, 0, -3],
			"to": [0.5, 16, 13],
			"rotation": {"angle": -22.5, "axis": "y", "origin": [3.5, 8, 5]},
			"faces": {
				"north": {"uv": [0, 0, 0, 16], "texture": "#2"},
				"east": {"uv": [16, 0, 0, 16], "texture": "#2"},
				"south": {"uv": [0, 0, 0, 16], "texture": "#2"},
				"west": {"uv": [0, 0, 16, 16], "texture": "#2"},
				"up": {"uv": [0, 0, 16, 0], "rotation": 90, "texture": "#2"},
				"down": {"uv": [0, 0, 16, 0], "rotation": 270, "texture": "#2"}
			}
		},
		{
			"from": [11, 0, 5],
			"to": [11, 16, 21],
			"rotation": {"angle": 22.5, "axis": "y", "origin": [8.5, 8, 13]},
			"faces": {
				"north": {"uv": [0, 0, 0, 16], "texture": "#20"},
				"east": {"uv": [0, 0, 16, 16], "texture": "#20"},
				"south": {"uv": [0, 0, 0, 16], "texture": "#20"},
				"west": {"uv": [16, 0, 0, 16], "texture": "#20"},
				"up": {"uv": [0, 0, 16, 0], "rotation": 90, "texture": "#20"},
				"down": {"uv": [0, 0, 16, 0], "rotation": 270, "texture": "#20"}
			}
		},
		{
			"from": [0.5, 0, 14.5],
			"to": [16.5, 16, 14.5],
			"rotation": {"angle": -22.5, "axis": "y", "origin": [8.5, 8, 13]},
			"faces": {
				"north": {"uv": [0, 0, 16, 16], "texture": "#2"},
				"east": {"uv": [0, 0, 0, 16], "texture": "#2"},
				"south": {"uv": [16, 0, 0, 16], "texture": "#2"},
				"west": {"uv": [0, 0, 0, 16], "texture": "#2"},
				"up": {"uv": [0, 0, 16, 0], "rotation": 180, "texture": "#2"},
				"down": {"uv": [0, 0, 16, 0], "rotation": 180, "texture": "#2"}
			}
		},
		{
			"from": [5.5, 0, 5],
			"to": [5.5, 16, 21],
			"rotation": {"angle": -45, "axis": "y", "origin": [8.5, 8, 13]},
			"faces": {
				"north": {"uv": [0, 0, 0, 16], "texture": "#20"},
				"east": {"uv": [16, 0, 0, 16], "texture": "#20"},
				"south": {"uv": [0, 0, 0, 16], "texture": "#20"},
				"west": {"uv": [0, 0, 16, 16], "texture": "#20"},
				"up": {"uv": [0, 0, 16, 0], "rotation": 90, "texture": "#20"},
				"down": {"uv": [0, 0, 16, 0], "rotation": 270, "texture": "#20"}
			}
		},
		{
			"from": [15, 0, -2],
			"to": [15, 16, 14],
			"rotation": {"angle": -22.5, "axis": "y", "origin": [12.5, 8, 6]},
			"faces": {
				"north": {"uv": [0, 0, 0, 16], "texture": "#2"},
				"east": {"uv": [16, 0, 0, 16], "texture": "#2"},
				"south": {"uv": [0, 0, 0, 16], "texture": "#2"},
				"west": {"uv": [0, 0, 16, 16], "texture": "#2"},
				"up": {"uv": [0, 0, 16, 0], "rotation": 90, "texture": "#2"},
				"down": {"uv": [0, 0, 16, 0], "rotation": 270, "texture": "#2"}
			}
		},
		{
			"from": [11, 0, -2],
			"to": [11, 16, 14],
			"rotation": {"angle": 22.5, "axis": "y", "origin": [12.5, 8, 6]},
			"faces": {
				"north": {"uv": [0, 0, 0, 16], "texture": "#20"},
				"east": {"uv": [16, 0, 0, 16], "texture": "#20"},
				"south": {"uv": [0, 0, 0, 16], "texture": "#20"},
				"west": {"uv": [0, 0, 16, 16], "texture": "#20"},
				"up": {"uv": [0, 0, 16, 0], "rotation": 270, "texture": "#20"},
				"down": {"uv": [0, 0, 16, 0], "rotation": 90, "texture": "#20"}
			}
		},
		{
			"from": [4.5, 0, 3],
			"to": [20.5, 16, 3],
			"rotation": {"angle": 0, "axis": "y", "origin": [12.5, 8, 6]},
			"faces": {
				"north": {"uv": [16, 0, 0, 16], "texture": "#20"},
				"east": {"uv": [0, 0, 0, 16], "texture": "#20"},
				"south": {"uv": [0, 0, 16, 16], "texture": "#20"},
				"west": {"uv": [0, 0, 0, 16], "texture": "#20"},
				"up": {"uv": [0, 0, 16, 0], "rotation": 180, "texture": "#20"},
				"down": {"uv": [0, 0, 16, 0], "rotation": 180, "texture": "#20"}
			}
		},
		{
			"from": [0, 0.15625, 0],
			"to": [16, 0.15625, 16],
			"faces": {
				"north": {"uv": [0, 0, 15.5, 0], "texture": "#17"},
				"east": {"uv": [0, 0, 16, 0], "texture": "#17"},
				"south": {"uv": [0, 0, 15.5, 0], "texture": "#17"},
				"west": {"uv": [0, 0, 16, 0], "texture": "#17"},
				"up": {"uv": [0, 16, 15.5, 0], "texture": "#17"},
				"down": {"uv": [0, 0, 15.5, 16], "texture": "#17"}
			}
		}
	]
}