{
	"textures": {
		"particle": "block/oil_lamp",
		"candle": "block/oil_lamp",
		"flame": "block/candle_lit"
	},
	"elements": [ 	 
		{
			"from": [ 1, 0.5, 8 ],
			"to": [ 8, 2.5, 15 ],
			"rotation": { "origin": [ 4.5, 1.5, 11.5 ], "axis": "y", "angle": 22.5 },
			"faces": {
				"down": { "uv": [ 8.5, 0.5, 15.5, 7.5 ], "texture": "#candle", "rotation": 180 },
				"up": { "uv": [ 0.5, 0.5, 7.5, 7.5 ], "texture": "#candle", "rotation": 90 },
				"north": { "uv": [ 9, 8, 16, 10 ], "texture": "#candle" },
				"south": { "uv": [ 9, 10, 16, 12 ], "texture": "#candle" },
				"west": { "uv": [ 16, 10, 9, 12 ], "texture": "#candle" },
				"east": { "uv": [ 16, 8, 9, 10 ], "texture": "#candle" }
			}
		},
		{
			"from": [ 2.25, 0, 9.25 ],
			"to": [ 6.75, 0.5, 13.75 ],
			"rotation": { "origin": [ 4.5, 1.5, 11.5 ], "axis": "y", "angle": 22.5 },
			"faces": {
				"down": { "uv": [ 9.5, 1.5, 14, 6 ], "texture": "#candle", "rotation": 270 },
				"north": { "uv": [ 9.5, 9.5, 14, 10 ], "texture": "#candle" },
				"south": { "uv": [ 9.5, 9.5, 14, 10 ], "texture": "#candle" },
				"west": { "uv": [ 9.5, 9.5, 14, 10 ], "texture": "#candle" },
				"east": { "uv": [ 9.5, 9.5, 14, 10 ], "texture": "#candle" }
			}
		},
		{
			"from": [ 0.965, 0.505, 10.09 ],
			"to": [ 8.035, 2.495, 12.91 ],
			"rotation": { "origin": [ 4.5, 1.5, 11.5 ], "axis": "y", "angle": -22.5 },
			"faces": {
				"down": { "uv": [ 8.5, 2.5, 15.5, 5.5 ], "texture": "#candle" },
				"up": { "uv": [ 0.5, 2.5, 7.5, 5.5 ], "texture": "#candle" },
				"west": { "uv": [ 11, 10, 14, 12 ], "texture": "#candle" },
				"east": { "uv": [ 11, 10, 14, 12 ], "texture": "#candle" }
			}
		},
		{
			"from": [ 3.085, 0.505, 14.025 ],
			"to": [ 5.915, 2.495, 15.025 ],
			"rotation": { "origin": [ 4.5, 1.5, 11.5 ], "axis": "y", "angle": -22.5 },
			"faces": {
				"down": { "uv": [ 10.5, 0.5, 13.5, 1.5 ], "texture": "#candle" },
				"up": { "uv": [ 2.5, 6.5, 5.5, 7.5 ], "texture": "#candle" },
				"south": { "uv": [ 10, 8, 13, 10 ], "texture": "#candle" }
			}
		},
		{
			"from": [ 4.25, 1, 14 ],
			"to": [ 4.75, 4, 16 ],
			"rotation": { "origin": [ 4.5, 1.5, 11.5 ], "axis": "y", "angle": -22.5 },
			"faces": {
				"down": { "uv": [ 0, 15.5, 2, 16 ], "texture": "#candle", "rotation": 270 },
				"up": { "uv": [ 0, 13, 2, 13.5 ], "texture": "#candle", "rotation": 90 },
				"north": { "uv": [ 0, 13, 0.5, 16 ], "texture": "#candle" },
				"south": { "uv": [ 1.5, 13, 2, 16 ], "texture": "#candle" },
				"west": { "uv": [ 2, 13, 0, 16 ], "texture": "#candle" },
				"east": { "uv": [ 0, 13, 2, 16 ], "texture": "#candle" }
			}
		},
		{
			"from": [ 7, 1.5, 7.5 ],
			"to": [ 8.5, 2.49, 9 ],
			"rotation": { "origin": [ 4.5, 1.5, 11.5 ], "axis": "y", "angle": 22.5 },
			"faces": {
				"down": { "uv": [ 8.5, 0.5, 10, 2 ], "texture": "#candle" },
				"up": { "uv": [ 0, 0, 1.5, 1.5 ], "texture": "#candle", "rotation": 90 },
				"north": { "uv": [ 9, 9, 10.5, 10 ], "texture": "#candle" },
				"south": { "uv": [ 12.5, 9, 14, 10 ], "texture": "#candle" },
				"west": { "uv": [ 12.5, 9, 14, 10 ], "texture": "#candle" },
				"east": { "uv": [ 10.5, 9, 9, 10 ], "texture": "#candle" }
			}
		},
		{
			"from": [ 6.875, 2.5, 8.25 ],
			"to": [ 8.625, 4.5, 8.251 ],
			"rotation": { "origin": [ 4.5, 1.5, 11.5 ], "axis": "y", "angle": 22.5 },
			"faces": {
				"north": { "uv": [ 6.5, 2, 10, 6 ], "texture": "#flame" },
				"south": { "uv": [ 10, 2, 6.5, 6 ], "texture": "#flame" }
			}
		},
		{
			"from": [ 7.75, 2.5, 7.375 ],
			"to": [ 7.751, 4.5, 9.125 ],
			"rotation": { "origin": [ 4.5, 1.5, 11.5 ], "axis": "y", "angle": 22.5 },
			"faces": {
				"west": { "uv": [ 6.5, 2, 10, 6 ], "texture": "#flame" },
				"east": { "uv": [ 10, 2, 6.5, 6 ], "texture": "#flame" }
			}
		},
		{
			"from": [ 1.25, 0, 1 ],
			"to": [ 5.75, 2, 5.5 ],
			"rotation": { "origin": [ 3.5, 1, 3.25 ], "axis": "y", "angle": -22.5 },
			"faces": {
				"down": { "uv": [ 4.5, 8, 9, 12.5 ], "texture": "#candle" },
				"up": { "uv": [ 0, 8, 4.5, 12.5 ], "texture": "#candle", "rotation": 90 },
				"north": { "uv": [ 14, 8, 9.5, 10 ], "texture": "#candle" },
				"south": { "uv": [ 14, 8, 9.5, 10 ], "texture": "#candle" },
				"west": { "uv": [ 9.5, 8, 14, 10 ], "texture": "#candle" },
				"east": { "uv": [ 9.5, 8, 14, 10 ], "texture": "#candle" }
			}
		},
		{
			"from": [ 4.375, 2, 4.375 ],
			"to": [ 4.376, 4, 6.125 ],
			"faces": {
				"west": { "uv": [ 10, 2, 6.5, 6 ], "texture": "#flame" },
				"east": { "uv": [ 6.5, 2, 10, 6 ], "texture": "#flame" }
			}
		},
		{
			"from": [ 3.5, 2, 5.25 ],
			"to": [ 5.25, 4, 5.251 ],
			"faces": {
				"north": { "uv": [ 6.5, 2, 10, 6 ], "texture": "#flame" },
				"south": { "uv": [ 10, 2, 6.5, 6 ], "texture": "#flame" }
			}
		},
		{
			"from": [ 10.25, 0, 8.5 ],
			"to": [ 14.75, 2, 13 ],
			"rotation": { "origin": [ 12.5, 1, 10.75 ], "axis": "y", "angle": 22.5 },
			"faces": {
				"down": { "uv": [ 4.5, 8, 9, 12.5 ], "texture": "#candle" },
				"up": { "uv": [ 0, 8, 4.5, 12.5 ], "texture": "#candle" },
				"north": { "uv": [ 9.5, 8, 14, 10 ], "texture": "#candle" },
				"south": { "uv": [ 9.5, 8, 14, 10 ], "texture": "#candle" },
				"west": { "uv": [ 14, 8, 9.5, 10 ], "texture": "#candle" },
				"east": { "uv": [ 14, 8, 9.5, 10 ], "texture": "#candle" }
			}
		},
		{
			"from": [ 13.625, 2, 9.875 ],
			"to": [ 15.375, 4, 9.876 ],
			"rotation": { "origin": [ 12.5, 1, 10.75 ], "axis": "y", "angle": 45 },
			"faces": {
				"north": { "uv": [ 6.5, 2, 10, 6 ], "texture": "#flame" },
				"south": { "uv": [ 10, 2, 6.5, 6 ], "texture": "#flame" }
			}
		},
		{
			"from": [ 14.5, 2, 9 ],
			"to": [ 14.501, 4, 10.75 ],
			"rotation": { "origin": [ 12.5, 1, 10.75 ], "axis": "y", "angle": 45 },
			"faces": {
				"west": { "uv": [ 6.5, 2, 10, 6 ], "texture": "#flame" },
				"east": { "uv": [ 10, 2, 6.5, 6 ], "texture": "#flame" }
			}
		}
	]
}