{
	"credit": "Made with Blockbench",
	"parent": "block/block",
	"ambientocclusion": false,
	"textures": {
		"3": "block/cactus_side_ext",
		"bottom": "block/cactus_bottom",
		"top": "block/cactus_top",
		"particle": "block/cactus_side",
		"side": "block/cactus_side"
	},
	"elements": [
		{
			"from": [0, 0, 0],
			"to": [16, 16, 16],
			"rotation": {"angle": 0, "axis": "y", "origin": [8, 0, 8]},
			"faces": {
				"up": {"uv": [0, 16, 16, 0], "rotation": 90, "texture": "#top", "cullface": "up"},
				"down": {"uv": [0, 16, 16, 0], "rotation": 270, "texture": "#bottom", "cullface": "down"}
			}
		},
		{
			"from": [1, 0, 0],
			"to": [15, 16, 16],
			"rotation": {"angle": 0, "axis": "y", "origin": [8, 0, 8]},
			"faces": {
				"east": {"uv": [16, 0, 0, 16], "texture": "#side"},
				"west": {"uv": [16, 0, 0, 16], "texture": "#side"}
			}
		},
		{
			"from": [0, 0, 1],
			"to": [16, 16, 15],
			"rotation": {"angle": 0, "axis": "y", "origin": [8, 0, 8]},
			"faces": {
				"north": {"uv": [16, 0, 0, 16], "texture": "#side"},
				"south": {"uv": [16, 0, 0, 16], "texture": "#side"}
			}
		},
		{
			"from": [0.07517, 12.60106, 3],
			"to": [10.07517, 18.10106, 13],
			"rotation": {"angle": 45, "axis": "z", "origin": [8, 0, 8]},
			"faces": {
				"north": {"uv": [11, 0, 1, 5.5], "texture": "#3"},
				"east": {"uv": [11, 0, 1, 5.5], "texture": "#3"},
				"south": {"uv": [11, 0, 1, 5.5], "texture": "#side"},
				"west": {"uv": [11, 0, 1, 5.5], "texture": "#3"},
				"down": {"uv": [5, 10, 15, 0], "rotation": 270, "texture": "#side"}
			}
		},
		{
			"from": [-14, 16, 3],
			"to": [-4, 32, 13],
			"rotation": {"angle": 0, "axis": "y", "origin": [8, 0, 8]},
			"faces": {
				"north": {"uv": [11, 0, 1, 16], "texture": "#3"},
				"east": {"uv": [11, 0, 1, 16], "texture": "#3"},
				"south": {"uv": [11, 0, 1, 16], "texture": "#side"},
				"west": {"uv": [11, 0, 1, 16], "texture": "#3"},
				"up": {"uv": [4, 14, 14, 4], "rotation": 90, "texture": "#top"}
			}
		},
		{
			"from": [-6.67456, -2.49938, 2.95313],
			"to": [1.82544, 7.50062, 12.95313],
			"rotation": {"angle": -22.5, "axis": "z", "origin": [8, 0, 8]},
			"faces": {
				"north": {"uv": [1, 8.5, 11, 0], "rotation": 270, "texture": "#3"},
				"east": {"uv": [15, 0, 5, 10], "texture": "#side"},
				"south": {"uv": [1, 8.5, 11, 0], "rotation": 90, "texture": "#side"},
				"up": {"uv": [1, 8.5, 11, 0], "rotation": 90, "texture": "#3"},
				"down": {"uv": [1, 8.5, 11, 0], "rotation": 90, "texture": "#3"}
			}
		},
		{
			"from": [-6.20241, 13.70111, 3.0625],
			"to": [3.79759, 23.20111, 13.0625],
			"rotation": {"angle": 22.5, "axis": "z", "origin": [8, 0, 8]},
			"faces": {
				"north": {"uv": [11, 0, 1, 6.5], "texture": "#3"},
				"east": {"uv": [11, 0, 1, 6.5], "texture": "#3"},
				"south": {"uv": [11, 0, 1, 6.5], "texture": "#side"},
				"west": {"uv": [11, 0, 1, 6.5], "texture": "#3"},
				"down": {"uv": [5, 10, 15, 0], "rotation": 270, "texture": "#side"}
			}
		}
	],
	"groups": [
		{
			"name": "cactus_age5",
			"origin": [8, 8, 8],
			"color": 0,
			"children": [
				{
					"name": "cactus_age5z",
					"origin": [8, 8, 8],
					"color": 0,
					"children": [0, 1, 2, 3, 4]
				}
			]
		},
		5,
		6
	]
}