{
	"credit": "Made with Blockbench",
	"parent": "block/cube_all",
	"ambientocclusion": false,
	"textures": {
		"0": "block/cartgrahertable_side",
		"1": "block/cartography_table_top",
		"2": "block/oak_planks",
		"3": "block/cartography_table_utilities",
		"particle": "block/cartgrahertable_side"
	},
	"elements": [
		{
			"from": [0, 0, 0],
			"to": [16, 16, 16],
			"faces": {
				"north": {"uv": [0, 0, 16, 16], "texture": "#0", "cullface": "north"},
				"east": {"uv": [0, 0, 16, 16], "texture": "#0", "cullface": "east"},
				"south": {"uv": [0, 0, 16, 16], "texture": "#0", "cullface": "south"},
				"west": {"uv": [0, 0, 16, 16], "texture": "#0", "cullface": "west"},
				"up": {"uv": [0, 0, 16, 16], "texture": "#1", "cullface": "up"},
				"down": {"uv": [0, 0, 16, 16], "texture": "#2", "cullface": "down"}
			}
		},
		{
			"from": [3.5, 16, 3.5],
			"to": [6.5, 17, 6.5],
			"faces": {
				"north": {"uv": [3, 13, 4, 16], "rotation": 90, "texture": "#3", "cullface": "up"},
				"east": {"uv": [3, 13, 4, 16], "rotation": 90, "texture": "#3", "cullface": "up"},
				"south": {"uv": [3, 13, 4, 16], "rotation": 90, "texture": "#3", "cullface": "up"},
				"west": {"uv": [3, 13, 4, 16], "rotation": 90, "texture": "#3", "cullface": "up"},
				"up": {"uv": [0, 13, 3, 16], "texture": "#3", "cullface": "up"}
			}
		},
		{
			"from": [4.8125, 20.75, 4.5],
			"to": [5.8125, 21.75, 5.5],
			"rotation": {"angle": 22.5, "axis": "z", "origin": [5, 16.875, 5]},
			"faces": {
				"north": {"uv": [0, 8, 1, 9], "texture": "#3", "cullface": "up"},
				"east": {"uv": [0, 8, 1, 9], "texture": "#3", "cullface": "up"},
				"south": {"uv": [0, 8, 1, 9], "texture": "#3", "cullface": "up"},
				"west": {"uv": [0, 8, 1, 9], "texture": "#3", "cullface": "up"},
				"up": {"uv": [1, 8, 2, 9], "texture": "#3", "cullface": "up"}
			}
		},
		{
			"from": [4.8125, 16.75, 3],
			"to": [5.8125, 20.75, 7],
			"rotation": {"angle": 22.5, "axis": "z", "origin": [5, 16.875, 5]},
			"faces": {
				"north": {"uv": [10, 9, 11, 13], "texture": "#3", "cullface": "up"},
				"east": {"uv": [0, 9, 4, 13], "texture": "#3", "cullface": "up"},
				"south": {"uv": [5, 9, 6, 13], "texture": "#3", "cullface": "up"},
				"west": {"uv": [6, 9, 10, 13], "texture": "#3", "cullface": "up"},
				"up": {"uv": [10, 9, 11, 13], "texture": "#3", "cullface": "up"},
				"down": {"uv": [10, 9, 11, 13], "texture": "#3", "cullface": "up"}
			}
		}
	]
}