{
	"credit": "Made with Blockbench",
	"parent": "block/cube_all",
	"ambientocclusion": false,
	"textures": {
		"0": "block/cartgrahertable_side",
		"1": "block/cartography_table_top",
		"2": "block/oak_planks",
		"3": "block/cartography_table_utilities",
		"particle": "block/cartgrahertable_side"
	},
	"elements": [
		{
			"from": [0, 0, 0],
			"to": [16, 16, 16],
			"faces": {
				"north": {"uv": [0, 0, 16, 16], "texture": "#0", "cullface": "north"},
				"east": {"uv": [0, 0, 16, 16], "texture": "#0", "cullface": "east"},
				"south": {"uv": [0, 0, 16, 16], "texture": "#0", "cullface": "south"},
				"west": {"uv": [0, 0, 16, 16], "texture": "#0", "cullface": "west"},
				"up": {"uv": [0, 0, 16, 16], "texture": "#1", "cullface": "up"},
				"down": {"uv": [0, 0, 16, 16], "texture": "#2", "cullface": "down"}
			}
		},
		{
			"from": [3.5, 16, 3.5],
			"to": [6.5, 17, 6.5],
			"rotation": {"angle": -22.5, "axis": "y", "origin": [5, 16.875, 5]},
			"faces": {
				"north": {"uv": [12, 6, 13, 9], "rotation": 90, "texture": "#3", "cullface": "up"},
				"east": {"uv": [12, 6, 13, 9], "rotation": 90, "texture": "#3", "cullface": "up"},
				"south": {"uv": [13, 7, 16, 8], "texture": "#3", "cullface": "up"},
				"west": {"uv": [12, 6, 13, 9], "rotation": 90, "texture": "#3", "cullface": "up"},
				"up": {"uv": [13, 6, 16, 9], "texture": "#3", "cullface": "up"},
				"down": {"uv": [13, 6, 16, 9], "texture": "#3", "cullface": "up"}
			}
		},
		{
			"from": [4.5, 16.5, 4.5],
			"to": [5.5, 19, 5.5],
			"rotation": {"angle": -22.5, "axis": "y", "origin": [5, 16.875, 5]},
			"faces": {
				"north": {"uv": [12, 0.5, 13, 3], "texture": "#3", "cullface": "up"},
				"east": {"uv": [12, 0.5, 13, 3], "texture": "#3", "cullface": "up"},
				"south": {"uv": [12, 0.5, 13, 3], "texture": "#3", "cullface": "up"},
				"west": {"uv": [12, 0.5, 13, 3], "texture": "#3", "cullface": "up"},
				"up": {"uv": [12, 0, 13, 1], "texture": "#3", "cullface": "up"}
			}
		},
		{
			"from": [4.5, 18, 2],
			"to": [5.5, 24, 5.5],
			"rotation": {"angle": -22.5, "axis": "x", "origin": [5.25, 20.5, 4.75]},
			"faces": {
				"north": {"uv": [12, 0, 13, 6], "texture": "#3", "cullface": "up"},
				"east": {"uv": [12.5, 0, 16, 6], "texture": "#3", "cullface": "up"},
				"south": {"uv": [12, 0, 13, 6], "texture": "#3", "cullface": "up"},
				"west": {"uv": [16, 0, 12.5, 6], "texture": "#3", "cullface": "up"},
				"up": {"uv": [12, 1.5, 13, 5], "texture": "#3", "cullface": "up"},
				"down": {"uv": [12, 1.5, 13, 5], "texture": "#3", "cullface": "up"}
			}
		},
		{
			"from": [3.03125, 19, 3],
			"to": [7.03125, 23, 7],
			"rotation": {"angle": -22.5, "axis": "x", "origin": [5.25, 20.5, 4.75]},
			"faces": {
				"north": {"uv": [8, 4, 12, 8], "texture": "#3", "cullface": "up"},
				"east": {"uv": [4, 4, 8, 8], "texture": "#3", "cullface": "up"},
				"south": {"uv": [0, 4, 4, 8], "texture": "#3", "cullface": "up"},
				"west": {"uv": [8, 0, 12, 4], "texture": "#3", "cullface": "up"},
				"up": {"uv": [0, 0, 4, 4], "texture": "#3", "cullface": "up"},
				"down": {"uv": [4, 0, 8, 4], "texture": "#3", "cullface": "up"}
			}
		}
	]
}