{
	"credit": "Made with Blockbench",
	"parent": "block/fence_post",
	"textures": {
		"1": "block/crimson_fence",
		"particle": "block/crimson_fence"
	},
	"elements": [
		{
			"name": "crimson_fence_9",
			"from": [14.12344, 0.5, 10.57624],
			"to": [15.12344, 13.75, 11.57624],
			"rotation": {"angle": 0, "axis": "y", "origin": [15, 4.64094, 7.60156]},
			"faces": {
				"north": {"uv": [8.5, 0.5, 7.5, 13.75], "texture": "#1"},
				"east": {"uv": [4, 0.5, 3, 13.75], "texture": "#1"},
				"south": {"uv": [8.5, 0.5, 7.5, 13.75], "texture": "#1"},
				"west": {"uv": [13, 0.5, 12, 16], "rotation": 180, "texture": "#1"},
				"up": {"uv": [8.5, 3, 7.5, 4], "rotation": 90, "texture": "#1"},
				"down": {"uv": [8.5, 12, 7.5, 13], "rotation": 90, "texture": "#1"}
			}
		},
		{
			"name": "crimson_fence_11",
			"from": [14.37344, 2.33428, 11.07013],
			"to": [15.37344, 17.08428, 12.07013],
			"rotation": {"angle": 45, "axis": "x", "origin": [15, 7.14094, 7.60156]},
			"faces": {
				"north": {"uv": [8.5, 0.5, 7.5, 16], "texture": "#1"},
				"east": {"uv": [7, 0.5, 6, 16], "texture": "#1"},
				"south": {"uv": [8.5, 0.5, 7.5, 16], "texture": "#1"},
				"west": {"uv": [10, 0.5, 9, 16], "rotation": 180, "texture": "#1"},
				"up": {"uv": [8.5, 6, 7.5, 7], "rotation": 90, "texture": "#1"},
				"down": {"uv": [8.5, 9, 7.5, 10], "rotation": 90, "texture": "#1"}
			}
		},
		{
			"name": "crimson_fence_13",
			"from": [14.74844, 10.25, 7.79499],
			"to": [15.24844, 10.75, 11.54499],
			"rotation": {"angle": 0, "axis": "x", "origin": [15, 4.64094, 7.60156]},
			"faces": {
				"north": {"uv": [0, 5, 0.5, 4.5], "rotation": 90, "texture": "#1"},
				"east": {"uv": [0, 11.5, 0.5, 3.5], "rotation": 90, "texture": "#1"},
				"south": {"uv": [1, 10.5, 0, 11.5], "rotation": 180, "texture": "#1"},
				"west": {"uv": [0, 11.5, 0.5, 3.5], "rotation": 90, "texture": "#1"},
				"up": {"uv": [0, 8, 0.5, 0], "rotation": 180, "texture": "#1"},
				"down": {"uv": [0, 16, 0.5, 8.5], "texture": "#1"}
			}
		},
		{
			"name": "crimson_fence_14",
			"from": [14.74844, 9, 7.79499],
			"to": [15.24844, 9.5, 15.79499],
			"rotation": {"angle": 0, "axis": "x", "origin": [15, 7.14094, 7.60156]},
			"faces": {
				"north": {"uv": [0, 5, 0.5, 4.5], "rotation": 90, "texture": "#1"},
				"east": {"uv": [0, 11.5, 0.5, 3.5], "rotation": 90, "texture": "#1"},
				"south": {"uv": [1, 10.5, 0, 11.5], "rotation": 180, "texture": "#1"},
				"west": {"uv": [0, 11.5, 0.5, 3.5], "rotation": 90, "texture": "#1"},
				"up": {"uv": [0, 8, 0.5, 0], "rotation": 180, "texture": "#1"},
				"down": {"uv": [0, 16, 0.5, 8.5], "texture": "#1"}
			}
		},
		{
			"name": "crimson_fence_11",
			"from": [14.99844, 5.25, 7.82624],
			"to": [15.49844, 5.75, 18.32624],
			"rotation": {"angle": 0, "axis": "x", "origin": [14.75, 7.14094, 8.25]},
			"faces": {
				"north": {"uv": [0, 5, 0.5, 4.5], "rotation": 90, "texture": "#1"},
				"east": {"uv": [0.5, 11, 1, 3], "rotation": 90, "texture": "#1"},
				"south": {"uv": [1, 10.5, 0, 11.5], "rotation": 180, "texture": "#1"},
				"west": {"uv": [0, 16, 0.5, 8], "rotation": 90, "texture": "#1"},
				"up": {"uv": [0, 8, 0.5, 0], "rotation": 180, "texture": "#1"},
				"down": {"uv": [0, 16, 0.5, 8.5], "texture": "#1"}
			}
		},
		{
			"name": "crimson_fence_10",
			"from": [15.13906, 0.72983, 5.78458],
			"to": [16.13906, 1.72983, 18.53458],
			"rotation": {"angle": -22.5, "axis": "x", "origin": [15, 7.14094, 7.60156]},
			"faces": {
				"north": {"uv": [6, 11.5, 7, 10.5], "rotation": 90, "texture": "#1"},
				"east": {"uv": [4.5, 16, 5.5, 0.5], "rotation": 90, "texture": "#1"},
				"south": {"uv": [6.5, 5.5, 7.5, 4.5], "rotation": 270, "texture": "#1"},
				"west": {"uv": [10.5, 16, 11.5, 0.5], "rotation": 90, "texture": "#1"},
				"up": {"uv": [8.25, 16, 9.25, 0.5], "texture": "#1"},
				"down": {"uv": [6.75, 16, 7.75, 0.5], "rotation": 180, "texture": "#1"}
			}
		},
		{
			"name": "crimson_fence_12",
			"from": [14.62344, 1.00508, 9.52363],
			"to": [15.62344, 16.50508, 10.52363],
			"rotation": {"angle": 22.5, "axis": "x", "origin": [15, 7.14094, 7.60156]},
			"faces": {
				"north": {"uv": [8.5, 3.5, 7.5, 16], "texture": "#1"},
				"east": {"uv": [3.5, 3.5, 2.5, 16], "texture": "#1"},
				"south": {"uv": [8, 3.5, 7, 16], "texture": "#1"},
				"west": {"uv": [13, 1.5, 12, 14], "rotation": 180, "texture": "#1"},
				"up": {"uv": [8.5, 2.5, 7.5, 3.5], "rotation": 90, "texture": "#1"},
				"down": {"uv": [8.5, 12.5, 7.5, 13.5], "rotation": 90, "texture": "#1"}
			}
		},
		{
			"name": "crimson_fence_9",
			"from": [15.12344, -1, 9.07624],
			"to": [16.12344, 12.25, 10.07624],
			"rotation": {"angle": 0, "axis": "y", "origin": [15, 4.64094, 7.60156]},
			"faces": {
				"north": {"uv": [9.25, 0.75, 8.25, 14], "texture": "#1"},
				"east": {"uv": [2.5, 0.75, 1.5, 14], "texture": "#1"},
				"south": {"uv": [7.75, 0.75, 6.75, 14], "texture": "#1"},
				"west": {"uv": [14.5, 0.75, 13.5, 16], "rotation": 180, "texture": "#1"},
				"up": {"uv": [7.5, 4.5, 6.5, 5.5], "rotation": 90, "texture": "#1"},
				"down": {"uv": [7, 10.5, 6, 11.5], "rotation": 90, "texture": "#1"}
			}
		},
		{
			"name": "crimson_fence_13",
			"from": [14.74844, 3, 8.07624],
			"to": [15.24844, 3.5, 14.07624],
			"rotation": {"angle": 0, "axis": "x", "origin": [15, 7.14094, 8]},
			"faces": {
				"north": {"uv": [0, 5, 0.5, 4.5], "rotation": 90, "texture": "#1"},
				"east": {"uv": [0, 11.5, 0.5, 3.5], "rotation": 90, "texture": "#1"},
				"south": {"uv": [1, 10.5, 0, 11.5], "rotation": 180, "texture": "#1"},
				"west": {"uv": [0, 11.5, 0.5, 3.5], "rotation": 90, "texture": "#1"},
				"up": {"uv": [0, 8, 0.5, 0], "rotation": 180, "texture": "#1"},
				"down": {"uv": [0, 16, 0.5, 8.5], "texture": "#1"}
			}
		},
		{
			"name": "crimson_fence_8",
			"from": [14.12344, -0.25, 7.57624],
			"to": [15.12344, 13.25, 8.57624],
			"rotation": {"angle": 0, "axis": "y", "origin": [15, 4.64094, 7.60156]},
			"faces": {
				"north": {"uv": [8.5, 0.5, 7.5, 14], "texture": "#1"},
				"east": {"uv": [5.5, 0.5, 4.5, 14], "texture": "#1"},
				"south": {"uv": [8.5, 0.5, 7.5, 14], "texture": "#1"},
				"west": {"uv": [16, 0.5, 15, 16], "rotation": 180, "texture": "#1"},
				"up": {"uv": [8.5, 0, 7.5, 1], "rotation": 90, "texture": "#1"},
				"down": {"uv": [8.5, 15, 7.5, 16], "rotation": 90, "texture": "#1"}
			}
		},
		{
			"name": "crimson_fence_7",
			"from": [-0.12344, -0.25, 8.12688],
			"to": [0.87656, 13.25, 9.12688],
			"rotation": {"angle": 0, "axis": "y", "origin": [0.75, 4.64094, 8.10156]},
			"faces": {
				"north": {"uv": [8.5, 0.5, 7.5, 14], "texture": "#1"},
				"east": {"uv": [5.5, 0.5, 4.5, 16], "texture": "#1"},
				"south": {"uv": [8.5, 0.5, 7.5, 14], "texture": "#1"},
				"west": {"uv": [16, 0.5, 15, 14], "rotation": 180, "texture": "#1"},
				"up": {"uv": [7.5, 1, 8.5, 0], "rotation": 270, "texture": "#1"},
				"down": {"uv": [7.5, 16, 8.5, 15], "rotation": 270, "texture": "#1"}
			}
		},
		{
			"name": "crimson_fence_8",
			"from": [0.87656, -1, 9.62688],
			"to": [1.87656, 12.25, 10.62688],
			"rotation": {"angle": 0, "axis": "y", "origin": [0.75, 4.64094, 8.10156]},
			"faces": {
				"north": {"uv": [9.25, 0.75, 8.25, 14], "texture": "#1"},
				"east": {"uv": [2.5, 0.75, 1.5, 16], "texture": "#1"},
				"south": {"uv": [7.75, 0.75, 6.75, 14], "texture": "#1"},
				"west": {"uv": [14.5, 0.75, 13.5, 14], "rotation": 180, "texture": "#1"},
				"up": {"uv": [6.5, 5.5, 7.5, 4.5], "rotation": 270, "texture": "#1"},
				"down": {"uv": [6, 11.5, 7, 10.5], "rotation": 270, "texture": "#1"}
			}
		},
		{
			"name": "crimson_fence_12",
			"from": [0.37656, 1.029, 10.06951],
			"to": [1.37656, 16.529, 11.06951],
			"rotation": {"angle": 22.5, "axis": "x", "origin": [0.75, 7.14094, 8.10156]},
			"faces": {
				"north": {"uv": [8.5, 3.5, 7.5, 16], "texture": "#1"},
				"east": {"uv": [3.5, 3.5, 2.5, 16], "texture": "#1"},
				"south": {"uv": [8, 3.5, 7, 16], "texture": "#1"},
				"west": {"uv": [13, 1.5, 12, 14], "rotation": 180, "texture": "#1"},
				"up": {"uv": [7.5, 3.5, 8.5, 2.5], "rotation": 270, "texture": "#1"},
				"down": {"uv": [7.5, 13.5, 8.5, 12.5], "rotation": 270, "texture": "#1"}
			}
		},
		{
			"name": "crimson_fence_9",
			"from": [-0.12344, 0.5, 11.12688],
			"to": [0.87656, 13.75, 12.12688],
			"rotation": {"angle": 0, "axis": "y", "origin": [0.75, 4.64094, 8.10156]},
			"faces": {
				"north": {"uv": [8.5, 0.5, 7.5, 13.75], "texture": "#1"},
				"east": {"uv": [4, 0.5, 3, 16], "texture": "#1"},
				"south": {"uv": [8.5, 0.5, 7.5, 13.75], "texture": "#1"},
				"west": {"uv": [13, 0.5, 12, 13.75], "rotation": 180, "texture": "#1"},
				"up": {"uv": [7.5, 4, 8.5, 3], "rotation": 270, "texture": "#1"},
				"down": {"uv": [7.5, 13, 8.5, 12], "rotation": 270, "texture": "#1"}
			}
		},
		{
			"name": "crimson_fence_13",
			"from": [0.50156, 10.25, 8.22063],
			"to": [1.00156, 10.75, 12.47063],
			"rotation": {"angle": 0, "axis": "x", "origin": [0.75, 4.64094, 8]},
			"faces": {
				"north": {"uv": [0, 5, 0.5, 4.5], "rotation": 90, "texture": "#1"},
				"east": {"uv": [0, 11.5, 0.5, 3.5], "rotation": 90, "texture": "#1"},
				"south": {"uv": [1, 10.5, 0, 11.5], "rotation": 180, "texture": "#1"},
				"west": {"uv": [0, 11.5, 0.5, 3.5], "rotation": 90, "texture": "#1"},
				"up": {"uv": [0.5, 0, 0, 8], "texture": "#1"},
				"down": {"uv": [0.5, 8.5, 0, 16], "rotation": 180, "texture": "#1"}
			}
		},
		{
			"name": "crimson_fence_11",
			"from": [0.75156, 4.5, 8.37688],
			"to": [1.25156, 5, 18.87688],
			"rotation": {"angle": 0, "axis": "x", "origin": [0.5, 7.14094, 8.25]},
			"faces": {
				"north": {"uv": [0, 5, 0.5, 4.5], "rotation": 90, "texture": "#1"},
				"east": {"uv": [0.5, 11, 1, 3], "rotation": 90, "texture": "#1"},
				"south": {"uv": [1, 10.5, 0, 11.5], "rotation": 180, "texture": "#1"},
				"west": {"uv": [0, 16, 0.5, 8], "rotation": 90, "texture": "#1"},
				"up": {"uv": [0.5, 0, 0, 8], "texture": "#1"},
				"down": {"uv": [0.5, 8.5, 0, 16], "rotation": 180, "texture": "#1"}
			}
		},
		{
			"name": "crimson_fence_14",
			"from": [0.50156, 8.5, 8.22063],
			"to": [1.00156, 9, 16.22063],
			"rotation": {"angle": 0, "axis": "x", "origin": [0.75, 7.14094, 8.10156]},
			"faces": {
				"north": {"uv": [0, 5, 0.5, 4.5], "rotation": 90, "texture": "#1"},
				"east": {"uv": [0, 11.5, 0.5, 3.5], "rotation": 90, "texture": "#1"},
				"south": {"uv": [1, 10.5, 0, 11.5], "rotation": 180, "texture": "#1"},
				"west": {"uv": [0, 11.5, 0.5, 3.5], "rotation": 90, "texture": "#1"},
				"up": {"uv": [0.5, 0, 0, 8], "texture": "#1"},
				"down": {"uv": [0.5, 8.5, 0, 16], "rotation": 180, "texture": "#1"}
			}
		},
		{
			"name": "crimson_fence_11",
			"from": [0.12656, 2.02492, 11.2489],
			"to": [1.12656, 16.77492, 12.2489],
			"rotation": {"angle": 45, "axis": "x", "origin": [0.75, 7.14094, 8.10156]},
			"faces": {
				"north": {"uv": [8.5, 0.5, 7.5, 16], "texture": "#1"},
				"east": {"uv": [7, 0.5, 6, 16], "texture": "#1"},
				"south": {"uv": [8.5, 0.5, 7.5, 16], "texture": "#1"},
				"west": {"uv": [10, 0.5, 9, 16], "rotation": 180, "texture": "#1"},
				"up": {"uv": [7.5, 7, 8.5, 6], "rotation": 270, "texture": "#1"},
				"down": {"uv": [7.5, 10, 8.5, 9], "rotation": 270, "texture": "#1"}
			}
		},
		{
			"name": "crimson_fence_10",
			"from": [0.86094, 0.70591, 6.33046],
			"to": [1.86094, 1.70591, 19.08046],
			"rotation": {"angle": -22.5, "axis": "x", "origin": [0.75, 7.14094, 8.10156]},
			"faces": {
				"north": {"uv": [6, 11.5, 7, 10.5], "rotation": 90, "texture": "#1"},
				"east": {"uv": [4.5, 16, 5.5, 0.5], "rotation": 90, "texture": "#1"},
				"south": {"uv": [6.5, 5.5, 7.5, 4.5], "rotation": 270, "texture": "#1"},
				"west": {"uv": [10.5, 16, 11.5, 0.5], "rotation": 90, "texture": "#1"},
				"up": {"uv": [9.25, 0.5, 8.25, 16], "rotation": 180, "texture": "#1"},
				"down": {"uv": [7.75, 0.5, 6.75, 16], "texture": "#1"}
			}
		},
		{
			"name": "crimson_fence_13",
			"from": [0.50156, 3, 8.62688],
			"to": [1.00156, 3.5, 14.62688],
			"rotation": {"angle": 0, "axis": "x", "origin": [0.75, 7.14094, 8]},
			"faces": {
				"north": {"uv": [0, 5, 0.5, 4.5], "rotation": 90, "texture": "#1"},
				"east": {"uv": [0, 11.5, 0.5, 3.5], "rotation": 90, "texture": "#1"},
				"south": {"uv": [1, 10.5, 0, 11.5], "rotation": 180, "texture": "#1"},
				"west": {"uv": [0, 11.5, 0.5, 3.5], "rotation": 90, "texture": "#1"},
				"up": {"uv": [0.5, 0, 0, 8], "texture": "#1"},
				"down": {"uv": [0.5, 8.5, 0, 16], "rotation": 180, "texture": "#1"}
			}
		}
	],
	"display": {
		"thirdperson_righthand": {
			"rotation": [75, 45, 0],
			"translation": [0, 2.5, 0],
			"scale": [0.375, 0.375, 0.375]
		},
		"thirdperson_lefthand": {
			"rotation": [75, 45, 0],
			"translation": [0, 2.5, 0],
			"scale": [0.375, 0.375, 0.375]
		},
		"firstperson_righthand": {
			"rotation": [0, 45, 0],
			"scale": [0.4, 0.4, 0.4]
		},
		"firstperson_lefthand": {
			"rotation": [0, 225, 0],
			"scale": [0.4, 0.4, 0.4]
		},
		"ground": {
			"translation": [0, 3, 0],
			"scale": [0.25, 0.25, 0.25]
		},
		"gui": {
			"rotation": [30, 225, 0],
			"scale": [0.625, 0.625, 0.625]
		},
		"fixed": {
			"scale": [0.5, 0.5, 0.5]
		}
	},
	"groups": [
		{
			"name": "group",
			"origin": [8, 8, 8.025],
			"children": [
				{
					"name": "group",
					"origin": [8, 8, 8.025],
					"children": [0, 1, 2, 3, 4, 5, 6, 7, 8, 9]
				},
				{
					"name": "group",
					"origin": [8, 8, 8.025],
					"children": [10, 11, 12, 13, 14, 15, 16, 17, 18, 19]
				}
			]
		}
	]
}