{
	"credit": "Made with Blockbench",
	"parent": "block/fence_post",
	"textures": {
		"particle": "block/crimson_fence_post",
		"texture": "block/crimson_fence_post"
	},
	"elements": [
		{
			"name": "top bar*",
			"from": [7.29, 15.75, 7.29],
			"to": [8.71, 19.75, 8.71],
			"rotation": {"angle": 0, "axis": "y", "origin": [8, 7.75, 8]},
			"faces": {
				"north": {"uv": [12.5, 0, 14.5, 4], "texture": "#texture"},
				"east": {"uv": [7, 0, 9, 4], "texture": "#texture"},
				"south": {"uv": [12.5, 0, 14.5, 4], "texture": "#texture"},
				"west": {"uv": [7, 0, 9, 4], "texture": "#texture"},
				"up": {"uv": [9.5, 0, 11.5, 2], "texture": "#texture"},
				"down": {"uv": [7, 14, 9, 16], "texture": "#texture"}
			}
		},
		{
			"name": "top bar*",
			"from": [6.94, 0, 6.94],
			"to": [9.06, 4, 9.06],
			"rotation": {"angle": 0, "axis": "y", "origin": [8, -8, 8]},
			"faces": {
				"north": {"uv": [13.5, 12, 15.5, 16], "texture": "#texture"},
				"east": {"uv": [7, 12, 9, 16], "texture": "#texture"},
				"south": {"uv": [13.5, 12, 15.5, 16], "texture": "#texture"},
				"west": {"uv": [7, 12, 9, 16], "texture": "#texture"},
				"up": {"uv": [6.5, 0, 8.5, 2], "texture": "#texture"},
				"down": {"uv": [7, 8.5, 9, 10.5], "texture": "#texture"}
			}
		},
		{
			"name": "top bar*",
			"from": [7, 4, 7],
			"to": [9, 15.75, 9],
			"rotation": {"angle": 0, "axis": "y", "origin": [8, 7.75, 8]},
			"faces": {
				"north": {"uv": [10, 3, 12, 15], "texture": "#texture"},
				"east": {"uv": [10, 3, 12, 15], "texture": "#texture"},
				"south": {"uv": [10, 3, 12, 15], "texture": "#texture"},
				"west": {"uv": [10, 3, 12, 15], "texture": "#texture"},
				"up": {"uv": [6.5, 0, 8.5, 2], "texture": "#texture"},
				"down": {"uv": [7, 14, 9, 16], "texture": "#texture"}
			}
		}
	]
}