{
	"credit": "Made with Blockbench",
	"textures": {
		"0": "block/crimson_pressureplate",
		"particle": "block/crimson_pressureplate"
	},
	"elements": [
		{
			"from": [3.55, 0.95, 2.55],
			"to": [9.95, 4.6, 8.95],
			"rotation": {"angle": -22.5, "axis": "z", "origin": [6.75, 1.4, 5.75]},
			"faces": {
				"north": {"uv": [0, 8, 8, 12.5], "texture": "#0"},
				"east": {"uv": [0, 0, 8, 4.5], "texture": "#0"},
				"south": {"uv": [8, 8, 0, 12.5], "texture": "#0"},
				"west": {"uv": [8, 8, 16, 12.5], "texture": "#0"},
				"up": {"uv": [8, 0, 16, 8], "rotation": 270, "texture": "#0"},
				"down": {"uv": [0, 4.5, 8, 1], "rotation": 90, "texture": "#0"}
			}
		},
		{
			"from": [3.55, 0.2, 3.05],
			"to": [8.45, 0.95, 8.45],
			"rotation": {"angle": -22.5, "axis": "z", "origin": [6.75, 1.4, 5.75]},
			"faces": {
				"north": {"uv": [2, 12.5, 8, 13.5], "texture": "#0"},
				"east": {"uv": [0, 3.5, 8, 4.5], "texture": "#0"},
				"south": {"uv": [8, 12.5, 2, 13.5], "texture": "#0"},
				"west": {"uv": [8.5, 12.5, 15.5, 13.5], "texture": "#0"},
				"down": {"uv": [1.5, 4.5, 7, 0], "rotation": 90, "texture": "#0"}
			}
		},
		{
			"from": [3.55, -1.05, 3.8],
			"to": [6.7, 0.2, 7.7],
			"rotation": {"angle": -22.5, "axis": "z", "origin": [6.75, 1.4, 5.75]},
			"faces": {
				"north": {"uv": [4, 13.5, 8, 15], "texture": "#0"},
				"east": {"uv": [0, 3.5, 8, 4.5], "texture": "#0"},
				"south": {"uv": [8, 13.5, 4, 15], "texture": "#0"},
				"west": {"uv": [9.5, 13.5, 14.5, 15], "texture": "#0"},
				"down": {"uv": [2, 4, 6, 1], "rotation": 90, "texture": "#0"}
			}
		},
		{
			"from": [3.55, -1.8, 3.8],
			"to": [5.95, -1.05, 7.7],
			"rotation": {"angle": -22.5, "axis": "z", "origin": [6.75, 1.4, 5.75]},
			"faces": {
				"north": {"uv": [8, 15, 5, 16], "texture": "#0"},
				"east": {"uv": [0, 3.5, 8, 4.5], "texture": "#0"},
				"south": {"uv": [8, 15, 5, 16], "texture": "#0"},
				"west": {"uv": [9.5, 15, 14.5, 16], "texture": "#0"},
				"down": {"uv": [2.5, 4.5, 6.5, 2], "rotation": 90, "texture": "#0"}
			}
		},
		{
			"from": [6.3, -3.8, 8.55],
			"to": [12.7, 2.6, 12.2],
			"rotation": {"angle": 22.5, "axis": "x", "origin": [9.5, -0.6, 11.75]},
			"faces": {
				"north": {"uv": [8, 8, 16, 0], "rotation": 180, "texture": "#0"},
				"east": {"uv": [8, 8, 0, 12.5], "rotation": 90, "texture": "#0"},
				"south": {"uv": [0, 1, 8, 4.5], "texture": "#0"},
				"west": {"uv": [0, 8, 8, 12.5], "rotation": 270, "texture": "#0"},
				"up": {"uv": [16, 8, 8, 12.5], "texture": "#0"},
				"down": {"uv": [8, 0, 0, 4.5], "rotation": 180, "texture": "#0"}
			}
		},
		{
			"from": [6.8, -2.3, 12.2],
			"to": [12.2, 2.6, 12.95],
			"rotation": {"angle": 22.5, "axis": "x", "origin": [9.5, -0.6, 11.75]},
			"faces": {
				"east": {"uv": [8, 12.5, 2, 13.5], "rotation": 90, "texture": "#0"},
				"south": {"uv": [1.5, 0, 7, 4.5], "texture": "#0"},
				"west": {"uv": [2, 12.5, 8, 13.5], "rotation": 270, "texture": "#0"},
				"up": {"uv": [15.5, 12.5, 8.5, 13.5], "texture": "#0"},
				"down": {"uv": [8, 3.5, 0, 4.5], "rotation": 180, "texture": "#0"}
			}
		},
		{
			"from": [7.55, -0.55, 12.95],
			"to": [11.45, 2.6, 14.2],
			"rotation": {"angle": 22.5, "axis": "x", "origin": [9.5, -0.6, 11.75]},
			"faces": {
				"east": {"uv": [8, 13.5, 4, 15], "rotation": 90, "texture": "#0"},
				"south": {"uv": [2, 1, 6, 4], "texture": "#0"},
				"west": {"uv": [4, 13.5, 8, 15], "rotation": 270, "texture": "#0"},
				"up": {"uv": [14.5, 13.5, 9.5, 15], "texture": "#0"},
				"down": {"uv": [8, 3.5, 0, 4.5], "rotation": 180, "texture": "#0"}
			}
		},
		{
			"from": [7.55, 0.2, 14.2],
			"to": [11.45, 2.6, 14.95],
			"rotation": {"angle": 22.5, "axis": "x", "origin": [9.5, -0.6, 11.75]},
			"faces": {
				"east": {"uv": [5, 15, 8, 16], "rotation": 90, "texture": "#0"},
				"south": {"uv": [2.5, 2, 6.5, 4.5], "texture": "#0"},
				"west": {"uv": [5, 15, 8, 16], "rotation": 270, "texture": "#0"},
				"up": {"uv": [14.5, 15, 9.5, 16], "texture": "#0"},
				"down": {"uv": [8, 3.5, 0, 4.5], "rotation": 180, "texture": "#0"}
			}
		}
	],
	"display": {
		"thirdperson_righthand": {
			"rotation": [75, 45, 0],
			"translation": [0, 2.5, 0],
			"scale": [0.375, 0.375, 0.375]
		},
		"thirdperson_lefthand": {
			"rotation": [75, 45, 0],
			"translation": [0, 2.5, 0],
			"scale": [0.375, 0.375, 0.375]
		},
		"firstperson_righthand": {
			"rotation": [0, 45, 0],
			"translation": [0, 3.75, 0],
			"scale": [0.4, 0.4, 0.4]
		},
		"firstperson_lefthand": {
			"rotation": [0, 225, 0],
			"translation": [0, 4.25, 0],
			"scale": [0.4, 0.4, 0.4]
		},
		"ground": {
			"translation": [0, 2, 0],
			"scale": [0.5, 0.5, 0.5]
		},
		"gui": {
			"rotation": [30, 45, 0],
			"translation": [0, 2.5, 0],
			"scale": [0.89, 0.89, 0.625]
		},
		"fixed": {
			"rotation": [-24.5, -123.75, 0],
			"translation": [0, 4.5, -4]
		}
	},
	"groups": [
		{
			"name": "group",
			"origin": [6.75, 1.4, 5.75],
			"children": [0, 1, 2, 3]
		},
		{
			"name": "group",
			"origin": [6.75, 1.4, 5.75],
			"children": [4, 5, 6, 7]
		}
	]
}