{
	"credit": "Made with Blockbench",
	"ambientocclusion": false,
	"textures": {
		"0": "block/crimson_door_extra",
		"2": "block/crimson_door_upper",
		"particle": "block/crimson_door_extra"
	},
	"elements": [
		{
			"from": [-0.04687, 0, 0],
			"to": [2.45313, 16, 16],
			"rotation": {"angle": 0, "axis": "y", "origin": [7.95313, 8, 8]},
			"faces": {
				"north": {"uv": [0, 0, 2, 16], "texture": "#2"},
				"east": {"uv": [16, 0, 0, 16], "texture": "#2"},
				"south": {"uv": [0, 0, 2, 16], "texture": "#2"},
				"west": {"uv": [0, 0, 16, 16], "texture": "#2"},
				"up": {"uv": [0, 0, 2, 16], "texture": "#2"},
				"down": {"uv": [0, 0, 2, 16], "texture": "#2"}
			}
		},
		{
			"name": "crimson_door_extra_1",
			"from": [-0.04687, 16, 14],
			"to": [2.45313, 23.5, 14.5],
			"rotation": {"angle": 0, "axis": "y", "origin": [-6.54687, 24, 8]},
			"faces": {
				"north": {"uv": [12, 9.5, 14.5, 16], "texture": "#0"},
				"east": {"uv": [14, 16, 14.5, 8.5], "rotation": 180, "texture": "#0"},
				"south": {"uv": [12, 9.5, 14.5, 17], "texture": "#0"},
				"west": {"uv": [14, 8.5, 14.5, 16], "texture": "#0"},
				"up": {"uv": [14.5, 8.5, 14, 11], "rotation": 270, "texture": "#0"},
				"down": {"uv": [14, 15.5, 14.5, 16], "rotation": 270, "texture": "#0"}
			}
		},
		{
			"name": "crimson_door_extra_2",
			"from": [-0.04687, 16, 14.5],
			"to": [2.45313, 23, 15.5],
			"rotation": {"angle": 0, "axis": "y", "origin": [-6.54687, 24, 8]},
			"faces": {
				"north": {"uv": [12, 9, 14.5, 16], "texture": "#0"},
				"east": {"uv": [14.5, 16, 15.5, 9], "rotation": 180, "texture": "#0"},
				"south": {"uv": [12, 9.5, 14.5, 16.5], "texture": "#0"},
				"west": {"uv": [14.5, 9, 15.5, 16], "texture": "#0"},
				"up": {"uv": [15.5, 9, 14.5, 11.5], "rotation": 270, "texture": "#0"},
				"down": {"uv": [14.5, 15.5, 15.5, 16], "rotation": 270, "texture": "#0"}
			}
		},
		{
			"name": "crimson_door_extra_3",
			"from": [-0.04687, 16, 10],
			"to": [2.45313, 22.5, 11.5],
			"rotation": {"angle": 0, "axis": "y", "origin": [-6.54687, 24, 8]},
			"faces": {
				"north": {"uv": [12, 9.5, 14.5, 16], "texture": "#0"},
				"east": {"uv": [10, 16, 11.5, 9.5], "rotation": 180, "texture": "#0"},
				"south": {"uv": [12, 9.5, 14.5, 16], "texture": "#0"},
				"west": {"uv": [10, 9.5, 11.5, 16], "texture": "#0"},
				"up": {"uv": [11.5, 9.5, 10, 12], "rotation": 270, "texture": "#0"},
				"down": {"uv": [10, 15.5, 11.5, 16], "rotation": 270, "texture": "#0"}
			}
		},
		{
			"name": "crimson_door_extra_4",
			"from": [-0.04687, 16, 12],
			"to": [2.45313, 22.5, 14],
			"rotation": {"angle": 0, "axis": "y", "origin": [-6.54687, 24, 8]},
			"faces": {
				"north": {"uv": [12, 9.5, 14.5, 16], "texture": "#0"},
				"east": {"uv": [12, 16, 14, 9.5], "rotation": 180, "texture": "#0"},
				"south": {"uv": [12, 9.5, 14.5, 16], "texture": "#0"},
				"west": {"uv": [12, 9.5, 14, 16], "texture": "#0"},
				"up": {"uv": [14, 9.5, 12, 12], "rotation": 270, "texture": "#0"},
				"down": {"uv": [12, 15.5, 14, 16], "rotation": 270, "texture": "#0"}
			}
		},
		{
			"name": "crimson_door_extra_5",
			"from": [-0.04687, 16, 9],
			"to": [2.45313, 22, 10],
			"rotation": {"angle": 0, "axis": "y", "origin": [-6.54687, 24, 8]},
			"faces": {
				"north": {"uv": [12, 10, 14.5, 16], "texture": "#0"},
				"east": {"uv": [9, 16, 10, 10], "rotation": 180, "texture": "#0"},
				"south": {"uv": [12, 9.5, 14.5, 15.5], "texture": "#0"},
				"west": {"uv": [9, 10, 10, 16], "texture": "#0"},
				"up": {"uv": [10, 10, 9, 12.5], "rotation": 270, "texture": "#0"},
				"down": {"uv": [9, 15.5, 10, 16], "rotation": 270, "texture": "#0"}
			}
		},
		{
			"name": "crimson_door_extra_6",
			"from": [-0.04687, 16, 11.5],
			"to": [2.45313, 22, 12],
			"rotation": {"angle": 0, "axis": "y", "origin": [-6.54687, 24, 8]},
			"faces": {
				"north": {"uv": [12, 10, 14.5, 16], "texture": "#0"},
				"east": {"uv": [11.5, 16, 12, 10], "rotation": 180, "texture": "#0"},
				"south": {"uv": [12, 9.5, 14.5, 15.5], "texture": "#0"},
				"west": {"uv": [11.5, 10, 12, 16], "texture": "#0"},
				"up": {"uv": [12, 10, 11.5, 12.5], "rotation": 270, "texture": "#0"},
				"down": {"uv": [11.5, 15.5, 12, 16], "rotation": 270, "texture": "#0"}
			}
		},
		{
			"name": "crimson_door_extra_7",
			"from": [-0.04687, 16, 15.5],
			"to": [2.45313, 21.5, 16.01563],
			"rotation": {"angle": 0, "axis": "y", "origin": [-6.54687, 24, 8]},
			"faces": {
				"north": {"uv": [12, 10.5, 14.5, 16], "texture": "#0"},
				"east": {"uv": [15.5, 16, 16, 10.5], "rotation": 180, "texture": "#0"},
				"south": {"uv": [12, 9.5, 14.5, 15], "texture": "#0"},
				"west": {"uv": [15.5, 10.5, 16, 16], "texture": "#0"},
				"up": {"uv": [16.01563, 10.5, 15.5, 13], "rotation": 270, "texture": "#0"},
				"down": {"uv": [15.5, 15.5, 16, 16], "rotation": 270, "texture": "#0"}
			}
		},
		{
			"name": "crimson_door_extra_8",
			"from": [-0.04687, 16, 8],
			"to": [2.45313, 21, 9],
			"rotation": {"angle": 0, "axis": "y", "origin": [-6.54687, 24, 8]},
			"faces": {
				"north": {"uv": [12, 11, 14.5, 16], "texture": "#0"},
				"east": {"uv": [8, 16, 9, 11], "rotation": 180, "texture": "#0"},
				"south": {"uv": [12, 9.5, 14.5, 14.5], "texture": "#0"},
				"west": {"uv": [8, 11, 9, 16], "texture": "#0"},
				"up": {"uv": [9, 11, 8, 13.5], "rotation": 270, "texture": "#0"},
				"down": {"uv": [8, 15.5, 9, 16], "rotation": 270, "texture": "#0"}
			}
		},
		{
			"name": "crimson_door_extra_9",
			"from": [-0.04687, 16, 2.5],
			"to": [2.45313, 20.5, 3],
			"rotation": {"angle": 0, "axis": "y", "origin": [-6.54687, 24, 8]},
			"faces": {
				"north": {"uv": [12, 11.5, 14.5, 16], "texture": "#0"},
				"east": {"uv": [2.5, 16, 3, 11.5], "rotation": 180, "texture": "#0"},
				"south": {"uv": [12, 9.5, 14.5, 14], "texture": "#0"},
				"west": {"uv": [2.5, 11.5, 3, 16], "texture": "#0"},
				"up": {"uv": [3, 11.5, 2.5, 14], "rotation": 270, "texture": "#0"},
				"down": {"uv": [2.5, 15.5, 3, 16], "rotation": 270, "texture": "#0"}
			}
		},
		{
			"name": "crimson_door_extra_10",
			"from": [-0.04687, 16, 5.5],
			"to": [2.45313, 20.5, 6],
			"rotation": {"angle": 0, "axis": "y", "origin": [-6.54687, 24, 8]},
			"faces": {
				"north": {"uv": [12, 11.5, 14.5, 16], "texture": "#0"},
				"east": {"uv": [5.5, 16, 6, 11.5], "rotation": 180, "texture": "#0"},
				"south": {"uv": [12, 9.5, 14.5, 14], "texture": "#0"},
				"west": {"uv": [5.5, 11.5, 6, 16], "texture": "#0"},
				"up": {"uv": [6, 11.5, 5.5, 14], "rotation": 270, "texture": "#0"},
				"down": {"uv": [5.5, 15.5, 6, 16], "rotation": 270, "texture": "#0"}
			}
		},
		{
			"name": "crimson_door_extra_11",
			"from": [-0.04687, 16, 7.5],
			"to": [2.45313, 20.5, 8],
			"rotation": {"angle": 0, "axis": "y", "origin": [-6.54687, 24, 8]},
			"faces": {
				"north": {"uv": [12, 11.5, 14.5, 16], "texture": "#0"},
				"east": {"uv": [7.5, 16, 8, 11.5], "rotation": 180, "texture": "#0"},
				"south": {"uv": [12, 9.5, 14.5, 14], "texture": "#0"},
				"west": {"uv": [7.5, 11.5, 8, 16], "texture": "#0"},
				"up": {"uv": [8, 11.5, 7.5, 14], "rotation": 270, "texture": "#0"},
				"down": {"uv": [7.5, 15.5, 8, 16], "rotation": 270, "texture": "#0"}
			}
		},
		{
			"name": "crimson_door_extra_12",
			"from": [-0.04687, 16, 3],
			"to": [2.45313, 20, 3.5],
			"rotation": {"angle": 0, "axis": "y", "origin": [-6.54687, 24, 8]},
			"faces": {
				"north": {"uv": [12, 12, 14.5, 16], "texture": "#0"},
				"east": {"uv": [3, 16, 3.5, 12], "rotation": 180, "texture": "#0"},
				"south": {"uv": [12, 9.5, 14.5, 13.5], "texture": "#0"},
				"west": {"uv": [3, 12, 3.5, 16], "texture": "#0"},
				"up": {"uv": [3.5, 12, 3, 14.5], "rotation": 270, "texture": "#0"},
				"down": {"uv": [3, 15.5, 3.5, 16], "rotation": 270, "texture": "#0"}
			}
		},
		{
			"name": "crimson_door_extra_13",
			"from": [-0.04687, 16, 5],
			"to": [2.45313, 20, 5.5],
			"rotation": {"angle": 0, "axis": "y", "origin": [-6.54687, 24, 8]},
			"faces": {
				"north": {"uv": [12, 12, 14.5, 16], "texture": "#0"},
				"east": {"uv": [5, 16, 5.5, 12], "rotation": 180, "texture": "#0"},
				"south": {"uv": [12, 9.5, 14.5, 13.5], "texture": "#0"},
				"west": {"uv": [5, 12, 5.5, 16], "texture": "#0"},
				"up": {"uv": [5.5, 12, 5, 14.5], "rotation": 270, "texture": "#0"},
				"down": {"uv": [5, 15.5, 5.5, 16], "rotation": 270, "texture": "#0"}
			}
		},
		{
			"name": "crimson_door_extra_14",
			"from": [-0.04687, 16, 6.5],
			"to": [2.45313, 20, 7.5],
			"rotation": {"angle": 0, "axis": "y", "origin": [-6.54687, 24, 8]},
			"faces": {
				"north": {"uv": [12, 12, 14.5, 16], "texture": "#0"},
				"east": {"uv": [6.5, 16, 7.5, 12], "rotation": 180, "texture": "#0"},
				"south": {"uv": [12, 9.5, 14.5, 13.5], "texture": "#0"},
				"west": {"uv": [6.5, 12, 7.5, 16], "texture": "#0"},
				"up": {"uv": [7.5, 12, 6.5, 14.5], "rotation": 270, "texture": "#0"},
				"down": {"uv": [6.5, 15.5, 7.5, 16], "rotation": 270, "texture": "#0"}
			}
		},
		{
			"name": "crimson_door_extra_15",
			"from": [-0.04687, 16, 3.5],
			"to": [2.45313, 19.5, 4],
			"rotation": {"angle": 0, "axis": "y", "origin": [-6.54687, 24, 8]},
			"faces": {
				"north": {"uv": [12, 12.5, 14.5, 16], "texture": "#0"},
				"east": {"uv": [3.5, 16, 4, 12.5], "rotation": 180, "texture": "#0"},
				"south": {"uv": [12, 9.5, 14.5, 13], "texture": "#0"},
				"west": {"uv": [3.5, 12.5, 4, 16], "texture": "#0"},
				"up": {"uv": [4, 12.5, 3.5, 15], "rotation": 270, "texture": "#0"},
				"down": {"uv": [3.5, 15.5, 4, 16], "rotation": 270, "texture": "#0"}
			}
		},
		{
			"name": "crimson_door_extra_16",
			"from": [-0.04687, 16, 6],
			"to": [2.45313, 19.5, 6.5],
			"rotation": {"angle": 0, "axis": "y", "origin": [-6.54687, 24, 8]},
			"faces": {
				"north": {"uv": [12, 12.5, 14.5, 16], "texture": "#0"},
				"east": {"uv": [6, 16, 6.5, 12.5], "rotation": 180, "texture": "#0"},
				"south": {"uv": [12, 9.5, 14.5, 13], "texture": "#0"},
				"west": {"uv": [6, 12.5, 6.5, 16], "texture": "#0"},
				"up": {"uv": [6.5, 12.5, 6, 15], "rotation": 270, "texture": "#0"},
				"down": {"uv": [6, 15.5, 6.5, 16], "rotation": 270, "texture": "#0"}
			}
		},
		{
			"name": "crimson_door_extra_17",
			"from": [-0.04687, 16, 0.5],
			"to": [2.45313, 19, 1],
			"rotation": {"angle": 0, "axis": "y", "origin": [-6.54687, 24, 8]},
			"faces": {
				"north": {"uv": [12, 13, 14.5, 16], "texture": "#0"},
				"east": {"uv": [0.5, 16, 1, 13], "rotation": 180, "texture": "#0"},
				"south": {"uv": [12, 9.5, 14.5, 12.5], "texture": "#0"},
				"west": {"uv": [0.5, 13, 1, 16], "texture": "#0"},
				"up": {"uv": [1, 13, 0.5, 15.5], "rotation": 270, "texture": "#0"},
				"down": {"uv": [0.5, 15.5, 1, 16], "rotation": 270, "texture": "#0"}
			}
		},
		{
			"name": "crimson_door_extra_18",
			"from": [-0.04687, 16, 1],
			"to": [2.45313, 18.5, 1.5],
			"rotation": {"angle": 0, "axis": "y", "origin": [-6.54687, 24, 8]},
			"faces": {
				"north": {"uv": [12, 13.5, 14.5, 16], "texture": "#0"},
				"east": {"uv": [1, 16, 1.5, 13.5], "rotation": 180, "texture": "#0"},
				"south": {"uv": [12, 9.5, 14.5, 12], "texture": "#0"},
				"west": {"uv": [1, 13.5, 1.5, 16], "texture": "#0"},
				"up": {"uv": [1.5, 13.5, 1, 16], "rotation": 270, "texture": "#0"},
				"down": {"uv": [1, 15.5, 1.5, 16], "rotation": 270, "texture": "#0"}
			}
		},
		{
			"name": "crimson_door_extra_19",
			"from": [-0.04687, 16, 4],
			"to": [2.45313, 18.5, 5],
			"rotation": {"angle": 0, "axis": "y", "origin": [-6.54687, 24, 8]},
			"faces": {
				"north": {"uv": [12, 13.5, 14.5, 16], "texture": "#0"},
				"east": {"uv": [4, 16, 5, 13.5], "rotation": 180, "texture": "#0"},
				"south": {"uv": [12, 9.5, 14.5, 12], "texture": "#0"},
				"west": {"uv": [4, 13.5, 5, 16], "texture": "#0"},
				"up": {"uv": [5, 13.5, 4, 16], "rotation": 270, "texture": "#0"},
				"down": {"uv": [4, 15.5, 5, 16], "rotation": 270, "texture": "#0"}
			}
		},
		{
			"name": "crimson_door_extra_20",
			"from": [-0.04687, 16, 2],
			"to": [2.45313, 18, 2.5],
			"rotation": {"angle": 0, "axis": "y", "origin": [-6.54687, 24, 8]},
			"faces": {
				"north": {"uv": [12, 14, 14.5, 16], "texture": "#0"},
				"east": {"uv": [2, 16, 2.5, 14], "rotation": 180, "texture": "#0"},
				"south": {"uv": [12, 9.5, 14.5, 11.5], "texture": "#0"},
				"west": {"uv": [2, 14, 2.5, 16], "texture": "#0"},
				"up": {"uv": [2.5, 14, 2, 16.5], "rotation": 270, "texture": "#0"},
				"down": {"uv": [2, 15.5, 2.5, 16], "rotation": 270, "texture": "#0"}
			}
		},
		{
			"name": "crimson_door_extra_21",
			"from": [-0.04687, 16, 1.5],
			"to": [2.45313, 17.5, 2],
			"rotation": {"angle": 0, "axis": "y", "origin": [-6.54687, 24, 8]},
			"faces": {
				"north": {"uv": [12, 14.5, 14.5, 16], "texture": "#0"},
				"east": {"uv": [1.5, 16, 2, 14.5], "rotation": 180, "texture": "#0"},
				"south": {"uv": [12, 9.5, 14.5, 11], "texture": "#0"},
				"west": {"uv": [1.5, 14.5, 2, 16], "texture": "#0"},
				"up": {"uv": [2, 14.5, 1.5, 17], "rotation": 270, "texture": "#0"},
				"down": {"uv": [1.5, 15.5, 2, 16], "rotation": 270, "texture": "#0"}
			}
		},
		{
			"from": [-0.03125, 10.25, -0.75],
			"to": [2.40625, 11.75, 0.75],
			"rotation": {"angle": 45, "axis": "x", "origin": [1.21875, 11, 0]},
			"faces": {
				"north": {"uv": [2, 0.5, 0.5, 2], "texture": "#0"},
				"east": {"uv": [2, 0.5, 0.5, 2], "texture": "#0"},
				"south": {"uv": [2, 0.5, 0.5, 2], "texture": "#0"},
				"west": {"uv": [2, 0.5, 0.5, 2], "texture": "#0"},
				"up": {"uv": [0.5, 2, 2, 0.5], "texture": "#0"},
				"down": {"uv": [0.5, 2, 2, 0.5], "texture": "#0"}
			}
		}
	],
	"groups": [0,
		{
			"name": "crimsondoor_extra",
			"origin": [8, 8, 8],
			"children": [
				{
					"name": "crimson_door_extra",
					"origin": [8, 8, 8],
					"children": [1, 2, 3, 4, 5, 6, 7, 8, 9, 10, 11, 12, 13, 14, 15, 16, 17, 18, 19, 20, 21]
				}
			]
		}, 22]
}