{
	"credit": "Made with Blockbench",
	"textures": {
		"0": "block/crimson_pressureplate",
		"particle": "block/crimson_pressureplate"
	},
	"elements": [
		{
			"from": [4.32651, -2.64215, 3.61706],
			"to": [12.00651, 5.03785, 7.99706],
			"rotation": {"angle": 45, "axis": "x", "origin": [8.16651, -1.217, 8]},
			"faces": {
				"north": {"uv": [16, 0, 8, 8], "rotation": 180, "texture": "#0"},
				"east": {"uv": [0, 12.5, 8, 8], "rotation": 270, "texture": "#0"},
				"south": {"uv": [8, 4.5, 0, 1], "rotation": 180, "texture": "#0"},
				"west": {"uv": [8, 12.5, 0, 8], "rotation": 90, "texture": "#0"},
				"up": {"uv": [8, 12.5, 16, 8], "rotation": 180, "texture": "#0"},
				"down": {"uv": [0, 4.5, 8, 0], "texture": "#0"}
			}
		},
		{
			"from": [4.92651, -0.84215, 7.99706],
			"to": [11.40651, 5.03785, 8.89706],
			"rotation": {"angle": 45, "axis": "x", "origin": [8.16651, -1.217, 8]},
			"faces": {
				"north": {"uv": [6, 1.5, 2, 4.5], "rotation": 180, "texture": "#0"},
				"east": {"uv": [2, 13.5, 8, 12.5], "rotation": 270, "texture": "#0"},
				"south": {"uv": [7, 4.5, 1.5, 0], "rotation": 180, "texture": "#0"},
				"west": {"uv": [8, 13.5, 2, 12.5], "rotation": 90, "texture": "#0"},
				"up": {"uv": [8.5, 13.5, 15.5, 12.5], "rotation": 180, "texture": "#0"},
				"down": {"uv": [0, 4.5, 8, 3.5], "texture": "#0"}
			}
		},
		{
			"from": [5.82651, 1.25785, 8.89706],
			"to": [10.50651, 5.03785, 10.39706],
			"rotation": {"angle": 45, "axis": "x", "origin": [8.16651, -1.217, 8]},
			"faces": {
				"north": {"uv": [6, 1.5, 2, 4.5], "rotation": 180, "texture": "#0"},
				"east": {"uv": [4, 15, 8, 13.5], "rotation": 270, "texture": "#0"},
				"south": {"uv": [6, 1.5, 2, 4.5], "rotation": 180, "texture": "#0"},
				"west": {"uv": [8, 15, 4, 13.5], "rotation": 90, "texture": "#0"},
				"up": {"uv": [9.5, 15, 14.5, 13.5], "rotation": 180, "texture": "#0"},
				"down": {"uv": [0, 4.5, 8, 3.5], "texture": "#0"}
			}
		},
		{
			"from": [5.82651, -3.03537, 11.35404],
			"to": [10.50651, -2.13537, 14.23404],
			"rotation": {"angle": -22.5, "axis": "x", "origin": [8.16651, -1.217, 8]},
			"faces": {
				"north": {"uv": [8, 3.5, 0, 4.5], "texture": "#0"},
				"east": {"uv": [5, 15, 8, 16], "texture": "#0"},
				"south": {"uv": [14.5, 15, 9.5, 16], "texture": "#0"},
				"west": {"uv": [5, 15, 8, 16], "texture": "#0"},
				"up": {"uv": [2, 4.5, 6, 1.5], "rotation": 180, "texture": "#0"},
				"down": {"uv": [2.5, 2, 6.5, 4.5], "texture": "#0"}
			}
		}
	],
	"display": {
		"thirdperson_righthand": {
			"rotation": [75, 45, 0],
			"translation": [0, 2.5, 0],
			"scale": [0.375, 0.375, 0.375]
		},
		"thirdperson_lefthand": {
			"rotation": [75, 45, 0],
			"translation": [0, 2.5, 0],
			"scale": [0.375, 0.375, 0.375]
		},
		"firstperson_righthand": {
			"rotation": [0, 45, 0],
			"translation": [0, 3.75, 0],
			"scale": [0.4, 0.4, 0.4]
		},
		"firstperson_lefthand": {
			"rotation": [0, 225, 0],
			"translation": [0, 4.25, 0],
			"scale": [0.4, 0.4, 0.4]
		},
		"ground": {
			"translation": [0, 2, 0],
			"scale": [0.5, 0.5, 0.5]
		},
		"gui": {
			"rotation": [30, 45, 0],
			"translation": [0, 2.5, 0],
			"scale": [0.89, 0.89, 0.625]
		},
		"fixed": {
			"rotation": [-24.5, -123.75, 0],
			"translation": [0, 4.5, -4]
		}
	},
	"groups": [
		{
			"name": "group",
			"origin": [6.75, 1.4, 5.75],
			"children": [0, 1, 2, 3]
		}
	]
}