{
	"credit": "Made with Blockbench",
	"textures": {
		"0": "block/crimson_pressureplate",
		"particle": "block/crimson_pressureplate"
	},
	"elements": [
		{
			"from": [5.7225, 1.7559, 4.16],
			"to": [13.4025, 6.1359, 11.84],
			"rotation": {"angle": -22.5, "axis": "z", "origin": [8.25, 1.0659, 8]},
			"faces": {
				"north": {"uv": [0, 8, 8, 12.5], "texture": "#0"},
				"east": {"uv": [0, 0, 8, 4.5], "texture": "#0"},
				"south": {"uv": [8, 8, 0, 12.5], "texture": "#0"},
				"west": {"uv": [8, 8, 16, 12.5], "texture": "#0"},
				"up": {"uv": [8, 0, 16, 8], "rotation": 270, "texture": "#0"},
				"down": {"uv": [0, 4.5, 8, 1], "rotation": 90, "texture": "#0"}
			}
		},
		{
			"from": [5.7225, 0.8559, 4.76],
			"to": [11.6025, 1.7559, 11.24],
			"rotation": {"angle": -22.5, "axis": "z", "origin": [8.25, 1.0659, 8]},
			"faces": {
				"north": {"uv": [2, 12.5, 8, 13.5], "texture": "#0"},
				"east": {"uv": [0, 3.5, 8, 4.5], "texture": "#0"},
				"south": {"uv": [8, 12.5, 2, 13.5], "texture": "#0"},
				"west": {"uv": [8.5, 12.5, 15.5, 13.5], "texture": "#0"},
				"down": {"uv": [1.5, 4.5, 7, 0], "rotation": 90, "texture": "#0"}
			}
		},
		{
			"from": [5.7225, -0.6441, 5.66],
			"to": [9.5025, 0.8559, 10.34],
			"rotation": {"angle": -22.5, "axis": "z", "origin": [8.25, 1.0659, 8]},
			"faces": {
				"north": {"uv": [4, 13.5, 8, 15], "texture": "#0"},
				"east": {"uv": [0, 3.5, 8, 4.5], "texture": "#0"},
				"south": {"uv": [8, 13.5, 4, 15], "texture": "#0"},
				"west": {"uv": [9.5, 13.5, 14.5, 15], "texture": "#0"},
				"down": {"uv": [2, 4, 6, 1], "rotation": 90, "texture": "#0"}
			}
		},
		{
			"from": [5.7225, -1.5441, 5.66],
			"to": [8.6025, -0.6441, 10.34],
			"rotation": {"angle": -22.5, "axis": "z", "origin": [8.25, 1.0659, 8]},
			"faces": {
				"north": {"uv": [8, 15, 5, 16], "texture": "#0"},
				"east": {"uv": [0, 3.5, 8, 4.5], "texture": "#0"},
				"south": {"uv": [8, 15, 5, 16], "texture": "#0"},
				"west": {"uv": [9.5, 15, 14.5, 16], "texture": "#0"},
				"down": {"uv": [2.5, 4.5, 6.5, 2], "rotation": 90, "texture": "#0"}
			}
		}
	],
	"display": {
		"thirdperson_righthand": {
			"rotation": [75, 45, 0],
			"translation": [0, 2.5, 0],
			"scale": [0.375, 0.375, 0.375]
		},
		"thirdperson_lefthand": {
			"rotation": [75, 45, 0],
			"translation": [0, 2.5, 0],
			"scale": [0.375, 0.375, 0.375]
		},
		"firstperson_righthand": {
			"rotation": [0, 45, 0],
			"translation": [0, 3.75, 0],
			"scale": [0.4, 0.4, 0.4]
		},
		"firstperson_lefthand": {
			"rotation": [0, 225, 0],
			"translation": [0, 4.25, 0],
			"scale": [0.4, 0.4, 0.4]
		},
		"ground": {
			"translation": [0, 2, 0],
			"scale": [0.5, 0.5, 0.5]
		},
		"gui": {
			"rotation": [30, 45, 0],
			"translation": [0, 2.5, 0],
			"scale": [0.89, 0.89, 0.625]
		},
		"fixed": {
			"rotation": [-24.5, -123.75, 0],
			"translation": [0, 4.5, -4]
		}
	},
	"groups": [
		{
			"name": "group",
			"origin": [6.75, 1.4, 5.75],
			"children": [0, 1, 2, 3]
		}
	]
}