{
	"credit": "Made with Blockbench",
	"ambientocclusion": false,
	"textures": {
		"1": "block/flowerbase",
		"cross": "block/dandelion",
		"particle": "block/dandelion"
	},
	"elements": [
		{
			"from": [0.875, 0, 13.6198],
			"to": [16.875, 16, 13.6823],
			"shade": false,
			"rotation": {"angle": 45, "axis": "y", "origin": [2.375, 0, 13.6198], "rescale": true},
			"faces": {
				"north": {"uv": [0, 0, 16, 16], "texture": "#cross"},
				"south": {"uv": [0, 0, 16, 16], "texture": "#cross"}
			}
		},
		{
			"from": [2.5, 0, 0.75],
			"to": [2.5625, 16, 16.75],
			"shade": false,
			"rotation": {"angle": 45, "axis": "y", "origin": [2.5, 0, 2.5], "rescale": true},
			"faces": {
				"east": {"uv": [0, 0, 16, 16], "texture": "#cross"},
				"west": {"uv": [0, 0, 16, 16], "texture": "#cross"}
			}
		},
		{
			"name": "east",
			"from": [8, -0.0625, 0.96875],
			"to": [17, 0, 14.96875],
			"rotation": {"angle": 22.5, "axis": "z", "origin": [8, 0, 0.96875]},
			"faces": {
				"up": {"uv": [8, 2, 16, 16], "texture": "#1"},
				"down": {"uv": [8, 1.03125, 16, 15.03125], "texture": "#1"}
			}
		},
		{
			"name": "west",
			"from": [-0.3125, 3.375, 0.96875],
			"to": [8.6875, 3.4375, 14.96875],
			"rotation": {"angle": -22.5, "axis": "z", "origin": [-0.3125, 3.4375, 0.96875]},
			"faces": {
				"up": {"uv": [0, 2, 8.688, 16], "texture": "#1"},
				"down": {"uv": [0, 1.03125, 8.6875, 15.03125], "texture": "#1"}
			}
		},
		{
			"name": "south",
			"from": [0, -0.0625, 7.96875],
			"to": [16, 0, 16.46875],
			"rotation": {"angle": -22.5, "axis": "x", "origin": [0, 0, 7.96875]},
			"faces": {
				"up": {"uv": [0, 8, 16, 16], "texture": "#1"},
				"down": {"uv": [0, 0, 16, 8.03125], "texture": "#1"}
			}
		},
		{
			"name": "north",
			"from": [0, 3.1875, 0.21875],
			"to": [16, 3.25, 8.71875],
			"rotation": {"angle": 22.5, "axis": "x", "origin": [0, 3.25, 0.21875]},
			"faces": {
				"up": {"uv": [0, 0.25, 16, 8.75], "texture": "#1"},
				"down": {"uv": [0, 7.28125, 16, 15.78125], "texture": "#1"}
			}
		}
	]
}