{
	"credit": "Made with Blockbench",
	"ambientocclusion": false,
	"textures": {
		"bottom": "block/dark_oak_door_lower",
		"particle": "block/dark_oak_door_upper",
		"top": "block/dark_oak_door_upper",
		"extra": "block/door_dark_oak_extra"
	},
	"elements": [
		{
			"from": [0, 0, 0],
			"to": [2.5, 16, 16],
			"faces": {
				"north": {"uv": [2.5, 0, 0, 16], "texture": "#top", "cullface": "north"},
				"east": {"uv": [16, 0, 0, 16], "texture": "#top"},
				"south": {"uv": [0, 0, 2.5, 16], "texture": "#top", "cullface": "south"},
				"west": {"uv": [0, 0, 16, 16], "texture": "#top", "cullface": "west"},
				"up": {"uv": [0, 0, 2.5, 16], "texture": "#bottom", "cullface": "up"},
				"down": {"uv": [0, 16, 2.5, 0], "texture": "#bottom", "cullface": "down"}
			}
		},
		{
			"name": "Extra",
			"from": [-0.02025, 16, 7.011],
			"to": [2.47975, 23, 8.511],
			"rotation": {"angle": 0, "axis": "y", "origin": [7.96875, 8, 8]},
			"faces": {
				"north": {"uv": [2.5, 9, 0, 16], "texture": "#top"},
				"east": {"uv": [8.5, 9, 7, 16], "texture": "#extra"},
				"west": {"uv": [7, 9, 8.5, 16], "texture": "#extra"},
				"up": {"uv": [0, 7, 2.5, 8.5], "texture": "#top"}
			}
		},
		{
			"name": "Extra",
			"from": [-0.02025, 16, 6.011],
			"to": [2.47975, 22.5, 7.011],
			"rotation": {"angle": 0, "axis": "y", "origin": [7.96875, 8, 8]},
			"faces": {
				"north": {"uv": [2.5, 9.5, 0, 16], "texture": "#top"},
				"east": {"uv": [7, 9.5, 6, 16], "texture": "#extra"},
				"west": {"uv": [6, 9.5, 7, 16], "texture": "#extra"},
				"up": {"uv": [0, 6, 2.5, 7], "texture": "#top"}
			}
		},
		{
			"name": "Extra",
			"from": [-0.02025, 16, 5.011],
			"to": [2.47975, 22, 6.011],
			"rotation": {"angle": 0, "axis": "y", "origin": [7.96875, 8, 8]},
			"faces": {
				"north": {"uv": [2.5, 10, 0, 16], "texture": "#top"},
				"east": {"uv": [6, 10, 5, 16], "texture": "#extra"},
				"west": {"uv": [5, 10, 6, 16], "texture": "#extra"},
				"up": {"uv": [0, 5, 2.5, 6], "texture": "#top"}
			}
		},
		{
			"name": "Extra",
			"from": [-0.02025, 16, 4.011],
			"to": [2.47975, 21.5, 5.011],
			"rotation": {"angle": 0, "axis": "y", "origin": [7.96875, 8, 8]},
			"faces": {
				"north": {"uv": [2.5, 10.5, 0, 16], "texture": "#top"},
				"east": {"uv": [5, 10.5, 4, 16], "texture": "#extra"},
				"west": {"uv": [4, 10.5, 5, 16], "texture": "#extra"},
				"up": {"uv": [0, 4, 2.5, 5], "texture": "#top"}
			}
		},
		{
			"name": "Extra",
			"from": [-0.02025, 16, 3.011],
			"to": [2.47975, 21, 4.011],
			"rotation": {"angle": 0, "axis": "y", "origin": [7.96875, 8, 8]},
			"faces": {
				"north": {"uv": [2.5, 11, 0, 16], "texture": "#top"},
				"east": {"uv": [4, 11, 3, 16], "texture": "#extra"},
				"west": {"uv": [3, 11, 4, 16], "texture": "#extra"},
				"up": {"uv": [0, 3, 2.5, 4], "texture": "#top"}
			}
		},
		{
			"name": "Extra",
			"from": [-0.02025, 16, 2.511],
			"to": [2.47975, 20.5, 3.011],
			"rotation": {"angle": 0, "axis": "y", "origin": [7.96875, 8, 8]},
			"faces": {
				"north": {"uv": [2.5, 11.5, 0, 16], "texture": "#top"},
				"east": {"uv": [3, 11.5, 2.5, 16], "texture": "#extra"},
				"west": {"uv": [2.5, 11.5, 3, 16], "texture": "#extra"},
				"up": {"uv": [0, 2.5, 2.5, 3], "texture": "#top"}
			}
		},
		{
			"name": "Extra",
			"from": [-0.02025, 16, 2.011],
			"to": [2.47975, 20, 2.511],
			"rotation": {"angle": 0, "axis": "y", "origin": [7.96875, 8, 8]},
			"faces": {
				"north": {"uv": [2.5, 12, 0, 16], "texture": "#top"},
				"east": {"uv": [2.5, 12, 2, 16], "texture": "#extra"},
				"west": {"uv": [2, 12, 2.5, 16], "texture": "#extra"},
				"up": {"uv": [0, 2, 2.5, 2.5], "texture": "#top"}
			}
		},
		{
			"name": "Extra",
			"from": [-0.02025, 16, 1.511],
			"to": [2.47975, 19.5, 2.011],
			"rotation": {"angle": 0, "axis": "y", "origin": [7.96875, 8, 8]},
			"faces": {
				"north": {"uv": [2.5, 12.5, 0, 16], "texture": "#top"},
				"east": {"uv": [2, 12.5, 1.5, 16], "texture": "#extra"},
				"west": {"uv": [1.5, 12.5, 2, 16], "texture": "#extra"},
				"up": {"uv": [0, 1.5, 2.5, 2], "texture": "#top"}
			}
		},
		{
			"name": "Extra",
			"from": [-0.02025, 16, 1.011],
			"to": [2.47975, 19, 1.511],
			"rotation": {"angle": 0, "axis": "y", "origin": [7.96875, 8, 8]},
			"faces": {
				"north": {"uv": [2.5, 13, 0, 16], "texture": "#top"},
				"east": {"uv": [1.5, 13, 1, 16], "texture": "#extra"},
				"west": {"uv": [1, 13, 1.5, 16], "texture": "#extra"},
				"up": {"uv": [0, 1, 2.5, 1.5], "texture": "#top"}
			}
		},
		{
			"name": "Extra",
			"from": [-0.02025, 16, 0.511],
			"to": [2.47975, 18, 1.011],
			"rotation": {"angle": 0, "axis": "y", "origin": [7.96875, 8, 8]},
			"faces": {
				"north": {"uv": [2.5, 14, 0, 16], "texture": "#top"},
				"east": {"uv": [1, 14, 0.5, 16], "texture": "#extra"},
				"west": {"uv": [0.5, 14, 1, 16], "texture": "#extra"},
				"up": {"uv": [0, 0.5, 2.5, 1], "texture": "#top"}
			}
		},
		{
			"name": "Extra",
			"from": [-0.02025, 16, -0.00462],
			"to": [2.47975, 17.5, 0.511],
			"rotation": {"angle": 0, "axis": "y", "origin": [7.96875, 8, 8]},
			"faces": {
				"north": {"uv": [2.5, 14.5, 0, 16], "texture": "#top"},
				"east": {"uv": [0.5, 14.5, 0, 16], "texture": "#extra"},
				"west": {"uv": [0, 14.5, 0.5, 16], "texture": "#extra"},
				"up": {"uv": [0, 0, 2.5, 0.5], "texture": "#top"}
			}
		},
		{
			"name": "Extra",
			"from": [-0.02025, 16, 11.511],
			"to": [2.47975, 24, 16.00463],
			"rotation": {"angle": 0, "axis": "y", "origin": [7.96875, 8, 8]},
			"faces": {
				"north": {"uv": [2.5, 8, 0, 16], "texture": "#top"},
				"east": {"uv": [16, 8, 11.5, 16], "texture": "#extra"},
				"south": {"uv": [0, 8, 2.5, 16], "texture": "#top"},
				"west": {"uv": [11.5, 8, 16, 16], "texture": "#extra"},
				"up": {"uv": [0, 11.5, 2.5, 16], "texture": "#top"}
			}
		},
		{
			"name": "Extra",
			"from": [-0.02025, 16, 8.511],
			"to": [2.47975, 23.5, 11.511],
			"rotation": {"angle": 0, "axis": "y", "origin": [7.96875, 8, 8]},
			"faces": {
				"north": {"uv": [2.5, 8.5, 0, 16], "texture": "#top"},
				"east": {"uv": [11.5, 8.5, 8.5, 16], "texture": "#extra"},
				"west": {"uv": [8.5, 8.5, 11.5, 16], "texture": "#extra"},
				"up": {"uv": [0, 8.5, 2.5, 11.5], "texture": "#top"}
			}
		}
	]
}