{
	"credit": "Made with Blockbench",
	"ambientocclusion": false,
	"texture_size": [32, 32],
	"textures": {
		"0": "block/maple_leaves_1",
		"1": "block/maple_leaves_2",
		"particle": "block/maple_leaves_1"
	},
	"elements": [
		{
			"from": [-12.88203, -8, 7.92578],
			"to": [28.71797, 24, 7.92578],
			"shade": true,
			"rotation": {"angle": 45, "axis": "y", "origin": [7.91797, 8, 7.92578]},
			"faces": {
				"north": {"uv": [0, 0, 16, 16], "texture": "#0", "tintindex": 0},
				"south": {"uv": [0, 0, 16, 16], "texture": "#0", "tintindex": 0}
			}
		},
		{
			"from": [-12.90547, -8, 7.85547],
			"to": [28.69453, 24, 7.85547],
			"shade": true,
			"rotation": {"angle": -45, "axis": "y", "origin": [7.89453, 8, 7.85547]},
			"faces": {
				"north": {"uv": [0, 0, 16, 16], "texture": "#1", "tintindex": 0},
				"south": {"uv": [0, 0, 16, 16], "texture": "#1", "tintindex": 0}
			}
		},
		{
			"from": [-6.5, 7.94531, -8],
			"to": [16, 7.94531, 24],
			"shade": true,
			"rotation": {"angle": 45, "axis": "z", "origin": [5.5, 11.94531, 0]},
			"faces": {
				"up": {"uv": [0, 2.5, 16, 13.75], "rotation": 90, "texture": "#1", "tintindex": 0},
				"down": {"uv": [0, 2.25, 16, 13.5], "rotation": 90, "texture": "#1", "tintindex": 0}
			}
		},
		{
			"from": [-8, 8.96315, -3.69678],
			"to": [24, 8.96315, 18.80322],
			"shade": true,
			"rotation": {"angle": -45, "axis": "x", "origin": [8, 8.86328, 7.63013]},
			"faces": {
				"up": {"uv": [0, 2.5, 16, 13.75], "texture": "#1", "tintindex": 0},
				"down": {"uv": [0, 2.25, 16, 13.5], "texture": "#1", "tintindex": 0}
			}
		},
		{
			"from": [-6.25, 8.25, -8],
			"to": [16.25, 8.25, 24],
			"shade": true,
			"rotation": {"angle": -45, "axis": "z", "origin": [5.75, 4.25, 0]},
			"faces": {
				"up": {"uv": [0, 2.5, 16, 13.75], "rotation": 90, "texture": "#1", "tintindex": 0},
				"down": {"uv": [0, 2.25, 16, 13.5], "rotation": 90, "texture": "#1", "tintindex": 0}
			}
		},
		{
			"from": [-8, 7.45581, -3.22703],
			"to": [24, 7.45581, 19.27297],
			"shade": true,
			"rotation": {"angle": 45, "axis": "x", "origin": [8, 7.37891, 7.9231]},
			"faces": {
				"up": {"uv": [0, 2.5, 16, 13.75], "texture": "#1", "tintindex": 0},
				"down": {"uv": [0, 2.25, 16, 13.5], "texture": "#1", "tintindex": 0}
			}
		}
	],
	"display": {
		"thirdperson_righthand": {
			"rotation": [75, 45, 0],
			"translation": [0, 2.5, 0],
			"scale": [0.375, 0.375, 0.375]
		},
		"thirdperson_lefthand": {
			"rotation": [75, 45, 0],
			"translation": [0, 2.5, 0],
			"scale": [0.375, 0.375, 0.375]
		},
		"firstperson_righthand": {
			"rotation": [0, 45, 0],
			"scale": [0.4, 0.4, 0.4]
		},
		"firstperson_lefthand": {
			"rotation": [0, 225, 0],
			"scale": [0.4, 0.4, 0.4]
		},
		"ground": {
			"translation": [0, 3, 0],
			"scale": [0.25, 0.25, 0.25]
		},
		"gui": {
			"rotation": [30, 225, 0],
			"scale": [0.625, 0.625, 0.625]
		},
		"fixed": {
			"scale": [0.5, 0.5, 0.5]
		}
	},
	"groups": [0, 1,
		{
			"name": "group",
			"origin": [8, 8, 8],
			"children": [2, 3, 4, 5]
		}
	]
}