{
	"__comment": "Conquest Reforged",
	"parent": "block/block",
	"ambientocclusion": false,
	"textures": {
		"south": "block/enchanting_table_ribbon",
		"north": "block/enchanting_table_side",
		"particle": "block/enchanting_table_top",
		"up": "block/enchanting_table_top",
		"down": "block/enchanting_table_bottom"
	},
	"elements": [ 	 
		{
			"__comment": "Element",
			"from": [ 10, 7, 0 ],
			"to": [ 14.5, 10, 0.001 ],
			"faces": {
				"north": { "uv": [ 14.5, 2, 10, 5 ], "texture": "#south" },
				"south": { "uv": [ 10, 2, 14.5, 5 ], "texture": "#south" }
			}
		},
		{
			"__comment": "Element",
			"from": [ 12.5, 4.5, 0 ],
			"to": [ 13.5, 5, 0.001 ],
			"faces": {
				"north": { "uv": [ 13.5, 7, 12.5, 7.5 ], "texture": "#south" },
				"south": { "uv": [ 12.5, 7, 13.5, 7.5 ], "texture": "#south" }
			}
		},
		{
			"__comment": "Element",
			"from": [ 11.5, 4, 0 ],
			"to": [ 12, 5, 0.001 ],
			"faces": {
				"north": { "uv": [ 12, 7, 11.5, 8 ], "texture": "#south" },
				"south": { "uv": [ 11.5, 7, 12, 8 ], "texture": "#south" }
			}
		},
		{
			"__comment": "Element",
			"from": [ 11.5, 5, 0 ],
			"to": [ 13.5, 5.5, 0.001 ],
			"faces": {
				"north": { "uv": [ 13.5, 6.5, 11.5, 7 ], "texture": "#south" },
				"south": { "uv": [ 11.5, 6.5, 13.5, 7 ], "texture": "#south" }
			}
		},
		{
			"__comment": "Element",
			"from": [ 11.5, 5.5, 0 ],
			"to": [ 14, 6, 0.001 ],
			"faces": {
				"north": { "uv": [ 14, 6, 11.5, 6.5 ], "texture": "#south" },
				"south": { "uv": [ 11.5, 6, 14, 6.5 ], "texture": "#south" }
			}
		},
		{
			"__comment": "Element",
			"from": [ 11.5, 6, 0 ],
			"to": [ 14.5, 7, 0.001 ],
			"faces": {
				"north": { "uv": [ 14.5, 5, 11.5, 6 ], "texture": "#south" },
				"south": { "uv": [ 11.5, 5, 14.5, 6 ], "texture": "#south" }
			}
		},
		{
			"__comment": "Element",
			"from": [ 10, 5.5, 0 ],
			"to": [ 10.5, 6.5, 0.001 ],
			"faces": {
				"north": { "uv": [ 10.5, 5.5, 10, 6.5 ], "texture": "#south" },
				"south": { "uv": [ 10, 5.5, 10.5, 6.5 ], "texture": "#south" }
			}
		},
		{
			"__comment": "Element",
			"from": [ 10, 6.5, 0 ],
			"to": [ 11, 7, 0.001 ],
			"faces": {
				"north": { "uv": [ 11, 5, 10, 5.5 ], "texture": "#south" },
				"south": { "uv": [ 10, 5, 11, 5.5 ], "texture": "#south" }
			}
		},
		{
			"__comment": "Element",
			"from": [ 1.5, 5.5, 0 ],
			"to": [ 4, 7, 0.001 ],
			"faces": {
				"north": { "uv": [ 4, 5, 1.5, 6.5 ], "texture": "#south" },
				"south": { "uv": [ 1.5, 5, 4, 6.5 ], "texture": "#south" }
			}
		},
		{
			"__comment": "Element",
			"from": [ 1.5, 5, 0 ],
			"to": [ 2.5, 5.5, 0.001 ],
			"faces": {
				"north": { "uv": [ 2.5, 6.5, 1.5, 7 ], "texture": "#south" },
				"south": { "uv": [ 1.5, 6.5, 2.5, 7 ], "texture": "#south" }
			}
		},
		{
			"__comment": "Element",
			"from": [ 2, 4.5, 0 ],
			"to": [ 2.5, 5, 0.001 ],
			"faces": {
				"north": { "uv": [ 2.5, 7, 2, 7.5 ], "texture": "#south" },
				"south": { "uv": [ 2, 7, 2.5, 7.5 ], "texture": "#south" }
			}
		},
		{
			"__comment": "Element",
			"from": [ 3, 5, 0 ],
			"to": [ 4, 5.5, 0.001 ],
			"faces": {
				"north": { "uv": [ 4, 6.5, 3, 7 ], "texture": "#south" },
				"south": { "uv": [ 3, 6.5, 4, 7 ], "texture": "#south" }
			}
		},
		{
			"__comment": "Element",
			"from": [ 3, 4.5, 0 ],
			"to": [ 3.5, 5, 0.001 ],
			"faces": {
				"north": { "uv": [ 3.5, 7, 3, 7.5 ], "texture": "#south" },
				"south": { "uv": [ 3, 7, 3.5, 7.5 ], "texture": "#south" }
			}
		},
		{
			"__comment": "Element",
			"from": [ 5, 5.5, 0 ],
			"to": [ 6, 7, 0.001 ],
			"faces": {
				"north": { "uv": [ 6, 5, 5, 6.5 ], "texture": "#south" },
				"south": { "uv": [ 5, 5, 6, 6.5 ], "texture": "#south" }
			}
		},
		{
			"__comment": "Element",
			"from": [ 5.5, 4.5, 0 ],
			"to": [ 6, 5.5, 0.001 ],
			"faces": {
				"north": { "uv": [ 6, 6, 5.5, 7.5 ], "texture": "#south" },
				"south": { "uv": [ 5.5, 6.5, 6, 7.5 ], "texture": "#south" }
			}
		},
		{
			"__comment": "Element",
			"from": [ 1.5, 7, 0 ],
			"to": [ 6, 10, 0.001 ],
			"faces": {
				"north": { "uv": [ 6, 2, 1.5, 5 ], "texture": "#south" },
				"south": { "uv": [ 1.5, 2, 6, 5 ], "texture": "#south" }
			}
		},
		{
			"__comment": "Element",
			"from": [ 10, 7, 16 ],
			"to": [ 14.5, 10, 16.001 ],
			"faces": {
				"north": { "uv": [ 14.5, 2, 10, 5 ], "texture": "#south" },
				"south": { "uv": [ 10, 2, 14.5, 5 ], "texture": "#south" }
			}
		},
		{
			"__comment": "Element",
			"from": [ 12.5, 4.5, 16 ],
			"to": [ 13.5, 5, 16.001 ],
			"faces": {
				"north": { "uv": [ 13.5, 7, 12.5, 7.5 ], "texture": "#south" },
				"south": { "uv": [ 12.5, 7, 13.5, 7.5 ], "texture": "#south" }
			}
		},
		{
			"__comment": "Element",
			"from": [ 11.5, 4, 16 ],
			"to": [ 12, 5, 16.001 ],
			"faces": {
				"north": { "uv": [ 12, 7, 11.5, 8 ], "texture": "#south" },
				"south": { "uv": [ 11.5, 7, 12, 8 ], "texture": "#south" }
			}
		},
		{
			"__comment": "Element",
			"from": [ 11.5, 5, 16 ],
			"to": [ 13.5, 5.5, 16.001 ],
			"faces": {
				"north": { "uv": [ 13.5, 6.5, 11.5, 7 ], "texture": "#south" },
				"south": { "uv": [ 11.5, 6.5, 13.5, 7 ], "texture": "#south" }
			}
		},
		{
			"__comment": "Element",
			"from": [ 11.5, 5.5, 16 ],
			"to": [ 14, 6, 16.001 ],
			"faces": {
				"north": { "uv": [ 14, 6, 11.5, 6.5 ], "texture": "#south" },
				"south": { "uv": [ 11.5, 6, 14, 6.5 ], "texture": "#south" }
			}
		},
		{
			"__comment": "Element",
			"from": [ 11.5, 6, 16 ],
			"to": [ 14.5, 7, 16.001 ],
			"faces": {
				"north": { "uv": [ 14.5, 5, 11.5, 6 ], "texture": "#south" },
				"south": { "uv": [ 11.5, 5, 14.5, 6 ], "texture": "#south" }
			}
		},
		{
			"__comment": "Element",
			"from": [ 10, 5.5, 16 ],
			"to": [ 10.5, 6.5, 16.001 ],
			"faces": {
				"north": { "uv": [ 10.5, 5.5, 10, 6.5 ], "texture": "#south" },
				"south": { "uv": [ 10, 5.5, 10.5, 6.5 ], "texture": "#south" }
			}
		},
		{
			"__comment": "Element",
			"from": [ 10, 6.5, 16 ],
			"to": [ 11, 7, 16.001 ],
			"faces": {
				"north": { "uv": [ 11, 5, 10, 5.5 ], "texture": "#south" },
				"south": { "uv": [ 10, 5, 11, 5.5 ], "texture": "#south" }
			}
		},
		{
			"__comment": "Element",
			"from": [ 1.5, 5.5, 16 ],
			"to": [ 4, 7, 16.001 ],
			"faces": {
				"north": { "uv": [ 4, 5, 1.5, 6.5 ], "texture": "#south" },
				"south": { "uv": [ 1.5, 5, 4, 6.5 ], "texture": "#south" }
			}
		},
		{
			"__comment": "Element",
			"from": [ 1.5, 5, 16 ],
			"to": [ 2.5, 5.5, 16.001 ],
			"faces": {
				"north": { "uv": [ 2.5, 6.5, 1.5, 7 ], "texture": "#south" },
				"south": { "uv": [ 1.5, 6.5, 2.5, 7 ], "texture": "#south" }
			}
		},
		{
			"__comment": "Element",
			"from": [ 2, 4.5, 16 ],
			"to": [ 2.5, 5, 16.001 ],
			"faces": {
				"north": { "uv": [ 2.5, 7, 2, 7.5 ], "texture": "#south" },
				"south": { "uv": [ 2, 7, 2.5, 7.5 ], "texture": "#south" }
			}
		},
		{
			"__comment": "Element",
			"from": [ 3, 5, 16 ],
			"to": [ 4, 5.5, 16.001 ],
			"faces": {
				"north": { "uv": [ 4, 6.5, 3, 7 ], "texture": "#south" },
				"south": { "uv": [ 3, 6.5, 4, 7 ], "texture": "#south" }
			}
		},
		{
			"__comment": "Element",
			"from": [ 3, 4.5, 16 ],
			"to": [ 3.5, 5, 16.001 ],
			"faces": {
				"north": { "uv": [ 3.5, 7, 3, 7.5 ], "texture": "#south" },
				"south": { "uv": [ 3, 7, 3.5, 7.5 ], "texture": "#south" }
			}
		},
		{
			"__comment": "Element",
			"from": [ 5, 5.5, 16 ],
			"to": [ 6, 7, 16.001 ],
			"faces": {
				"north": { "uv": [ 6, 5, 5, 6.5 ], "texture": "#south" },
				"south": { "uv": [ 5, 5, 6, 6.5 ], "texture": "#south" }
			}
		},
		{
			"__comment": "Element",
			"from": [ 5.5, 4.5, 16 ],
			"to": [ 6, 5.5, 16.001 ],
			"faces": {
				"north": { "uv": [ 6, 6, 5.5, 7.5 ], "texture": "#south" },
				"south": { "uv": [ 5.5, 6.5, 6, 7.5 ], "texture": "#south" }
			}
		},
		{
			"__comment": "Element",
			"from": [ 16, 3, 11 ],
			"to": [ 16.001, 3.5, 11.5 ],
			"faces": {
				"west": { "uv": [ 11, 14.5, 11.5, 15 ], "texture": "#south" },
				"east": { "uv": [ 11.5, 14.5, 11, 15 ], "texture": "#south" }
			}
		},
		{
			"__comment": "Element",
			"from": [ 16, 2.5, 12 ],
			"to": [ 16.001, 3, 12.5 ],
			"faces": {
				"west": { "uv": [ 12, 15, 12.5, 15.5 ], "texture": "#south" },
				"east": { "uv": [ 12.5, 15, 12, 15.5 ], "texture": "#south" }
			}
		},
		{
			"__comment": "Element",
			"from": [ 16, 3, 12 ],
			"to": [ 16.001, 4, 13.5 ],
			"faces": {
				"west": { "uv": [ 12, 14, 13.5, 15 ], "texture": "#south" },
				"east": { "uv": [ 13.5, 14, 12, 15 ], "texture": "#south" }
			}
		},
		{
			"__comment": "Element",
			"from": [ 15.5, 4, 10 ],
			"to": [ 16, 4.5, 13.5 ],
			"faces": {
				"west": { "uv": [ 10, 13.5, 13.5, 14 ], "texture": "#south" },
				"east": { "uv": [ 13.5, 13.5, 10, 14 ], "texture": "#south" }
			}
		},
		{
			"__comment": "Element",
			"from": [ 16, 4.5, 10 ],
			"to": [ 16.001, 7, 14 ],
			"faces": {
				"west": { "uv": [ 10, 11, 14, 13.5 ], "texture": "#south" },
				"east": { "uv": [ 14, 11, 10, 13.5 ], "texture": "#south" }
			}
		},
		{
			"__comment": "Element",
			"from": [ 16, 7, 10 ],
			"to": [ 16.001, 10, 14.5 ],
			"faces": {
				"west": { "uv": [ 10, 8, 14.5, 11 ], "texture": "#south" },
				"east": { "uv": [ 14.5, 8, 10, 11 ], "texture": "#south" }
			}
		},
		{
			"__comment": "Element",
			"from": [ 16, 3.5, 10.5 ],
			"to": [ 16.001, 4, 11.5 ],
			"faces": {
				"west": { "uv": [ 10.5, 14, 11.5, 14.5 ], "texture": "#south" },
				"east": { "uv": [ 11.5, 14, 10.5, 14.5 ], "texture": "#south" }
			}
		},
		{
			"__comment": "Element",
			"from": [ 16, 3, 10 ],
			"to": [ 16.001, 4, 10.5 ],
			"faces": {
				"west": { "uv": [ 10, 14, 10.5, 15 ], "texture": "#south" },
				"east": { "uv": [ 10.5, 14, 10, 15 ], "texture": "#south" }
			}
		},
		{
			"__comment": "Element",
			"from": [ 16, 2.5, 5 ],
			"to": [ 16.001, 3, 6 ],
			"faces": {
				"west": { "uv": [ 5, 15, 6, 15.5 ], "texture": "#south" },
				"east": { "uv": [ 6, 15, 5, 15.5 ], "texture": "#south" }
			}
		},
		{
			"__comment": "Element",
			"from": [ 16, 3, 4.5 ],
			"to": [ 16.001, 4, 6 ],
			"faces": {
				"west": { "uv": [ 4.5, 14, 6, 15 ], "texture": "#south" },
				"east": { "uv": [ 6, 14, 4.5, 15 ], "texture": "#south" }
			}
		},
		{
			"__comment": "Element",
			"from": [ 16, 3, 3 ],
			"to": [ 16.001, 3.5, 3.5 ],
			"faces": {
				"west": { "uv": [ 3, 14.5, 3.5, 15 ], "texture": "#south" },
				"east": { "uv": [ 3.5, 14.5, 3, 15 ], "texture": "#south" }
			}
		},
		{
			"__comment": "Element",
			"from": [ 16, 3.5, 3 ],
			"to": [ 16.001, 4, 4 ],
			"faces": {
				"west": { "uv": [ 3, 14, 4, 14.5 ], "texture": "#south" },
				"east": { "uv": [ 4, 14, 3, 14.5 ], "texture": "#south" }
			}
		},
		{
			"__comment": "Element",
			"from": [ 16, 3, 2 ],
			"to": [ 16.001, 4, 2.5 ],
			"faces": {
				"west": { "uv": [ 2, 14, 2.5, 15 ], "texture": "#south" },
				"east": { "uv": [ 2.5, 14, 2, 15 ], "texture": "#south" }
			}
		},
		{
			"__comment": "Element",
			"from": [ 1, 1, 1 ],
			"to": [ 15, 10, 15 ],
			"faces": {
				"down": { "uv": [ 1.5, 14.5, 14.5, 1.5 ], "texture": "#down" },
				"north": { "uv": [ 14.5, 4, 1.5, 15 ], "texture": "#north" },
				"south": { "uv": [ 1, 6, 15, 15 ], "texture": "#north" },
				"west": { "uv": [ 1, 6, 15, 15 ], "texture": "#north" },
				"east": { "uv": [ 14.5, 4, 1.5, 15 ], "texture": "#north" }
			}
		},
		{
			"__comment": "Element",
			"from": [ 0, 10, 0 ],
			"to": [ 16, 12, 16 ],
			"faces": {
				"down": { "uv": [ 0.5, 15.5, 15.5, 0.5 ], "texture": "#down" },
				"up": { "uv": [ 0, 0, 16, 16 ], "texture": "#up" },
				"north": { "uv": [ 15.5, 4, 0.5, 6 ], "texture": "#north" },
				"south": { "uv": [ 0, 4, 16, 6 ], "texture": "#north" },
				"west": { "uv": [ 0, 4, 16, 6 ], "texture": "#north" },
				"east": { "uv": [ 15.5, 4, 0.5, 6 ], "texture": "#north" }
			}
		},
		{
			"__comment": "Element",
			"from": [ 0.5, 0.125, 0.5 ],
			"to": [ 2.5, 2.125, 2.5 ],
			"faces": {
				"down": { "uv": [ 14, 15.5, 16, 13.5 ], "texture": "#north" },
				"up": { "uv": [ 0, 14, 2, 16 ], "texture": "#north" },
				"north": { "uv": [ 3, 14, 1, 16 ], "texture": "#north" },
				"south": { "uv": [ 0.5, 14, 2.5, 16 ], "texture": "#north" },
				"west": { "uv": [ 0.5, 14, 2.5, 16 ], "texture": "#north" },
				"east": { "uv": [ 3, 14, 1, 16 ], "texture": "#north" }
			}
		},
		{
			"__comment": "Element",
			"from": [ 0.75, 2, 14.25 ],
			"to": [ 1.75, 3, 15.25 ],
			"faces": {
				"down": { "uv": [ 1, 15, 2, 14 ], "texture": "#north" },
				"up": { "uv": [ 1, 14, 2, 15 ], "texture": "#north" },
				"north": { "uv": [ 2, 13, 1, 14 ], "texture": "#north" },
				"south": { "uv": [ 1, 13, 2, 14 ], "texture": "#north" },
				"west": { "uv": [ 14, 13, 15, 14 ], "texture": "#north" },
				"east": { "uv": [ 15, 13, 14, 14 ], "texture": "#north" }
			}
		},
		{
			"__comment": "Element",
			"from": [ 13.5, 0.125, 13.5 ],
			"to": [ 15.5, 2.125, 15.5 ],
			"faces": {
				"down": { "uv": [ 0, 16, 2, 14 ], "texture": "#north" },
				"up": { "uv": [ 14, 14, 16, 16 ], "texture": "#north" },
				"north": { "uv": [ 15, 14, 13, 16 ], "texture": "#north" },
				"south": { "uv": [ 13.5, 14, 15.5, 16 ], "texture": "#north" },
				"west": { "uv": [ 13.5, 14, 15.5, 16 ], "texture": "#north" },
				"east": { "uv": [ 15, 14, 13, 16 ], "texture": "#north" }
			}
		},
		{
			"__comment": "Element",
			"from": [ 14.25, 2, 0.75 ],
			"to": [ 15.25, 3, 1.75 ],
			"faces": {
				"down": { "uv": [ 0.5, 5.5, 1.5, 4.5 ], "texture": "#north" },
				"up": { "uv": [ 8, 4.5, 9, 5.5 ], "texture": "#north" },
				"north": { "uv": [ 15, 13, 14, 14 ], "texture": "#north" },
				"south": { "uv": [ 14, 13, 15, 14 ], "texture": "#north" },
				"west": { "uv": [ 1, 13, 2, 14 ], "texture": "#north" },
				"east": { "uv": [ 2, 13, 1, 14 ], "texture": "#north" }
			}
		},
		{
			"__comment": "Element",
			"from": [ 0.5, 0.125, 13.5 ],
			"to": [ 2.5, 2.125, 15.5 ],
			"faces": {
				"down": { "uv": [ 14, 16, 16, 14 ], "texture": "#north" },
				"up": { "uv": [ 0, 14, 2, 16 ], "texture": "#north" },
				"north": { "uv": [ 3, 14, 1, 16 ], "texture": "#north" },
				"south": { "uv": [ 0.5, 14, 2.5, 16 ], "texture": "#north" },
				"west": { "uv": [ 13.5, 14, 15.5, 16 ], "texture": "#north" },
				"east": { "uv": [ 15, 14, 13, 16 ], "texture": "#north" }
			}
		},
		{
			"__comment": "Element",
			"from": [ 0.75, 2, 0.75 ],
			"to": [ 1.75, 3, 1.75 ],
			"faces": {
				"down": { "uv": [ 9, 5.5, 10, 4.5 ], "texture": "#north" },
				"up": { "uv": [ 7, 4.5, 8, 5.5 ], "texture": "#north" },
				"north": { "uv": [ 2, 13, 1, 14 ], "texture": "#north" },
				"south": { "uv": [ 1, 13, 2, 14 ], "texture": "#north" },
				"west": { "uv": [ 1, 13, 2, 14 ], "texture": "#north" },
				"east": { "uv": [ 2, 13, 1, 14 ], "texture": "#north" }
			}
		},
		{
			"__comment": "Element",
			"from": [ 13.5, 0.125, 0.5 ],
			"to": [ 15.5, 2.125, 2.5 ],
			"faces": {
				"down": { "uv": [ 14, 16, 16, 14 ], "texture": "#north" },
				"up": { "uv": [ 0, 14, 2, 16 ], "texture": "#north" },
				"north": { "uv": [ 15, 14, 13, 16 ], "texture": "#north" },
				"south": { "uv": [ 13.5, 14, 15.5, 16 ], "texture": "#north" },
				"west": { "uv": [ 0.5, 14, 2.5, 16 ], "texture": "#north" },
				"east": { "uv": [ 3, 14, 1, 16 ], "texture": "#north" }
			}
		},
		{
			"__comment": "Element",
			"from": [ 14.25, 2, 14.25 ],
			"to": [ 15.25, 3, 15.25 ],
			"faces": {
				"down": { "uv": [ 14, 15, 15, 14 ], "texture": "#north" },
				"up": { "uv": [ 14, 14, 15, 15 ], "texture": "#north" },
				"north": { "uv": [ 15, 13, 14, 14 ], "texture": "#north" },
				"south": { "uv": [ 14, 13, 15, 14 ], "texture": "#north" },
				"west": { "uv": [ 14, 13, 15, 14 ], "texture": "#north" },
				"east": { "uv": [ 15, 13, 14, 14 ], "texture": "#north" }
			}
		},
		{
			"__comment": "Element",
			"from": [ 16, 4, 1.5 ],
			"to": [ 16.001, 10, 6 ],
			"faces": {
				"west": { "uv": [ 1.5, 8, 6, 14 ], "texture": "#south" },
				"east": { "uv": [ 6, 8, 1.5, 14 ], "texture": "#south" }
			}
		},
		{
			"__comment": "Element",
			"from": [ 1.5, 7, 16 ],
			"to": [ 6, 10, 16.001 ],
			"faces": {
				"north": { "uv": [ 6, 2, 1.5, 5 ], "texture": "#south" },
				"south": { "uv": [ 1.5, 2, 6, 5 ], "texture": "#south" }
			}
		},
		{
			"__comment": "Element",
			"from": [ 8, 7, 9 ],
			"to": [ 8.001, 10, 13.5 ],
			"faces": {
				"west": { "uv": [ 10, 8, 14.5, 11 ], "texture": "#south" },
				"east": { "uv": [ 14.5, 8, 10, 11 ], "texture": "#south" }
			}
		},
		{
			"__comment": "Element",
			"from": [ 8, 4.5, 9 ],
			"to": [ 8.001, 7, 13 ],
			"faces": {
				"west": { "uv": [ 10, 11, 14, 13.5 ], "texture": "#south" },
				"east": { "uv": [ 14, 11, 10, 13.5 ], "texture": "#south" }
			}
		},
		{
			"__comment": "Element",
			"from": [ 8, 4, 9 ],
			"to": [ 8.001, 4.5, 12.5 ],
			"faces": {
				"west": { "uv": [ 10, 13.5, 13.5, 14 ], "texture": "#south" },
				"east": { "uv": [ 13.5, 13.5, 10, 14 ], "texture": "#south" }
			}
		},
		{
			"__comment": "Element",
			"from": [ 8, 3.5, 9.5 ],
			"to": [ 8.001, 4, 10.5 ],
			"faces": {
				"west": { "uv": [ 10.5, 14, 11.5, 14.5 ], "texture": "#south" },
				"east": { "uv": [ 11.5, 14, 10.5, 14.5 ], "texture": "#south" }
			}
		},
		{
			"__comment": "Element",
			"from": [ 8, 3, 10 ],
			"to": [ 8.001, 3.5, 10.5 ],
			"faces": {
				"west": { "uv": [ 11, 14.5, 11.5, 15 ], "texture": "#south" },
				"east": { "uv": [ 11.5, 14.5, 11, 15 ], "texture": "#south" }
			}
		},
		{
			"__comment": "Element",
			"from": [ 8, 3, 9 ],
			"to": [ 8.001, 4, 9.5 ],
			"faces": {
				"west": { "uv": [ 10, 14, 10.5, 15 ], "texture": "#south" },
				"east": { "uv": [ 10.5, 14, 10, 15 ], "texture": "#south" }
			}
		},
		{
			"__comment": "Element",
			"from": [ 8, 3, 11 ],
			"to": [ 8.001, 4, 12.5 ],
			"faces": {
				"west": { "uv": [ 12, 14, 13.5, 15 ], "texture": "#south" },
				"east": { "uv": [ 13.5, 14, 12, 15 ], "texture": "#south" }
			}
		},
		{
			"__comment": "Element",
			"from": [ 8, 2.5, 11 ],
			"to": [ 8.001, 3, 11.5 ],
			"faces": {
				"west": { "uv": [ 12, 15, 12.5, 15.5 ], "texture": "#south" },
				"east": { "uv": [ 12.5, 15, 12, 15.5 ], "texture": "#south" }
			}
		},
		{
			"__comment": "Element",
			"from": [ 0, 4, 1.5 ],
			"to": [ 0.001, 10, 6 ],
			"faces": {
				"west": { "uv": [ 1.5, 8, 6, 14 ], "texture": "#south" },
				"east": { "uv": [ 6, 8, 1.5, 14 ], "texture": "#south" }
			}
		},
		{
			"__comment": "Element",
			"from": [ 0, 3, 4.5 ],
			"to": [ 0.001, 4, 6 ],
			"faces": {
				"west": { "uv": [ 4.5, 14, 6, 15 ], "texture": "#south" },
				"east": { "uv": [ 6, 14, 4.5, 15 ], "texture": "#south" }
			}
		},
		{
			"__comment": "Element",
			"from": [ 0, 2.5, 5 ],
			"to": [ 0.001, 3, 6 ],
			"faces": {
				"west": { "uv": [ 5, 15, 6, 15.5 ], "texture": "#south" },
				"east": { "uv": [ 6, 15, 5, 15.5 ], "texture": "#south" }
			}
		},
		{
			"__comment": "Element",
			"from": [ 0, 3.5, 3 ],
			"to": [ 0.001, 4, 4 ],
			"faces": {
				"west": { "uv": [ 3, 14, 4, 14.5 ], "texture": "#south" },
				"east": { "uv": [ 4, 14, 3, 14.5 ], "texture": "#south" }
			}
		},
		{
			"__comment": "Element",
			"from": [ 0, 3, 3 ],
			"to": [ 0.001, 3.5, 3.5 ],
			"faces": {
				"west": { "uv": [ 3, 14.5, 3.5, 15 ], "texture": "#south" },
				"east": { "uv": [ 3.5, 14.5, 3, 15 ], "texture": "#south" }
			}
		},
		{
			"__comment": "Element",
			"from": [ 0, 3, 2 ],
			"to": [ 0.001, 4, 2.5 ],
			"faces": {
				"west": { "uv": [ 2, 14, 2.5, 15 ], "texture": "#south" },
				"east": { "uv": [ 2.5, 14, 2, 15 ], "texture": "#south" }
			}
		},
		{
			"__comment": "Element",
			"from": [ 0, 4.5, 10 ],
			"to": [ 0.001, 7, 14 ],
			"faces": {
				"west": { "uv": [ 10, 11, 14, 13.5 ], "texture": "#south" },
				"east": { "uv": [ 14, 11, 10, 13.5 ], "texture": "#south" }
			}
		},
		{
			"__comment": "Element",
			"from": [ 0, 7, 10 ],
			"to": [ 0.001, 10, 14.5 ],
			"faces": {
				"west": { "uv": [ 10, 8, 14.5, 11 ], "texture": "#south" },
				"east": { "uv": [ 14.5, 8, 10, 11 ], "texture": "#south" }
			}
		},
		{
			"__comment": "Element",
			"from": [ 0, 3, 12 ],
			"to": [ 0.001, 4, 13.5 ],
			"faces": {
				"west": { "uv": [ 12, 14, 13.5, 15 ], "texture": "#south" },
				"east": { "uv": [ 13.5, 14, 12, 15 ], "texture": "#south" }
			}
		},
		{
			"__comment": "Element",
			"from": [ 0, 4, 10 ],
			"to": [ 0.001, 4.5, 13.5 ],
			"faces": {
				"west": { "uv": [ 10, 13.5, 13.5, 14 ], "texture": "#south" },
				"east": { "uv": [ 13.5, 13.5, 10, 14 ], "texture": "#south" }
			}
		},
		{
			"__comment": "Element",
			"from": [ 0, 3.5, 10.5 ],
			"to": [ 0.001, 4, 11.5 ],
			"faces": {
				"west": { "uv": [ 10.5, 14, 11.5, 14.5 ], "texture": "#south" },
				"east": { "uv": [ 11.5, 14, 10.5, 14.5 ], "texture": "#south" }
			}
		},
		{
			"__comment": "Element",
			"from": [ 0, 3, 10 ],
			"to": [ 0.001, 4, 10.5 ],
			"faces": {
				"west": { "uv": [ 10, 14, 10.5, 15 ], "texture": "#south" },
				"east": { "uv": [ 10.5, 14, 10, 15 ], "texture": "#south" }
			}
		},
		{
			"__comment": "Element",
			"from": [ 0, 3, 11 ],
			"to": [ 0.001, 3.5, 11.5 ],
			"faces": {
				"west": { "uv": [ 11, 14.5, 11.5, 15 ], "texture": "#south" },
				"east": { "uv": [ 11.5, 14.5, 11, 15 ], "texture": "#south" }
			}
		},
		{
			"__comment": "Element",
			"from": [ 0, 2.5, 12 ],
			"to": [ 0.001, 3, 12.5 ],
			"faces": {
				"west": { "uv": [ 12, 15, 12.5, 15.5 ], "texture": "#south" },
				"east": { "uv": [ 12.5, 15, 12, 15.5 ], "texture": "#south" }
			}
		},
		{
			"__comment": "PlaneY79",
			"from": [ 0, 0, 0 ],
			"to": [ 16, 0.001, 16 ],
			"faces": {
				"down": { "uv": [ 0, 0, 16, 16 ], "texture": "#down" },
				"up": { "uv": [ 0, 0, 16, 16 ], "texture": "#down" }
			}
		}
	]
}