{
	"credit": "Made with Blockbench",
	"texture_size": [32, 32],
	"textures": {
		"0": "block/glow_lichen_shroom",
		"1": "block/glow_lichen",
		"particle": "block/glow_lichen_shroom"
	},
	"elements": [
		{
			"from": [0, 0, 0.10938],
			"to": [16, 16, 0.10938],
			"shade": false,
			"rotation": {"angle": 0, "axis": "x", "origin": [8, 16, 0.09375]},
			"faces": {
				"north": {"uv": [0, 0, 16, 16], "rotation": 180, "texture": "#1"},
				"south": {"uv": [0, 0, 16, 16], "texture": "#1"}
			}
		},
		{
			"from": [-3.25, 8, 0],
			"to": [19.25, 8, 11.5],
			"rotation": {"angle": -45, "axis": "z", "origin": [8, 8, 8]},
			"faces": {
				"west": {"uv": [0, 5.5, 0, 11.25], "rotation": 90, "texture": "#0"},
				"up": {"uv": [0, 5.5, 11.25, 11.25], "rotation": 180, "texture": "#0"},
				"down": {"uv": [11.25, 5.5, 0, 11.25], "texture": "#0"}
			}
		},
		{
			"from": [8, -3.25, 0],
			"to": [8, 19.25, 11.5],
			"rotation": {"angle": -45, "axis": "z", "origin": [8, 8, 8]},
			"faces": {
				"east": {"uv": [0, 5.5, 11.25, 11.25], "rotation": 270, "texture": "#0"},
				"west": {"uv": [11.25, 5.5, 0, 11.25], "rotation": 90, "texture": "#0"},
				"down": {"uv": [0, 0, 0, 4.25], "texture": "#0"}
			}
		}
	]
}