{
	"credit": "Made with Blockbench",
	"texture_size": [32, 32],
	"textures": {
		"0": "block/glow_lichen_shroom",
		"1": "block/glow_lichen",
		"particle": "block/glow_lichen_shroom"
	},
	"elements": [
		{
			"from": [0, 0, 0.09375],
			"to": [16, 16, 0.09375],
			"shade": false,
			"rotation": {"angle": 0, "axis": "y", "origin": [8, 0, 8]},
			"faces": {
				"north": {"uv": [16, 0, 0, 16], "texture": "#1"},
				"south": {"uv": [0, 0, 16, 16], "texture": "#1"}
			}
		},
		{
			"from": [0.71875, 7.10938, -0.04687],
			"to": [9.71875, 8.60938, 4.95313],
			"rotation": {"angle": 0, "axis": "y", "origin": [7.25, 10.875, 2.625]},
			"faces": {
				"north": {"uv": [2.5, 14, 7, 14.5], "texture": "#0"},
				"east": {"uv": [0, 14, 2.5, 14.5], "texture": "#0"},
				"south": {"uv": [9.5, 14, 14, 14.5], "texture": "#0"},
				"west": {"uv": [7, 14, 9.5, 14.5], "texture": "#0"},
				"up": {"uv": [7, 14, 2.5, 11.5], "texture": "#0"},
				"down": {"uv": [11.5, 11.5, 7, 14], "texture": "#0"}
			}
		},
		{
			"from": [4.75, 12, -0.14687],
			"to": [12.75, 13.5, 5.35313],
			"rotation": {"angle": 0, "axis": "x", "origin": [7.25, 9.375, 2.625]},
			"faces": {
				"north": {"uv": [2.5, 2.5, 6.5, 3], "texture": "#0"},
				"east": {"uv": [0, 2.5, 2.5, 3], "texture": "#0"},
				"south": {"uv": [9, 2.5, 13, 3], "texture": "#0"},
				"west": {"uv": [6.5, 2.5, 9, 3], "texture": "#0"},
				"up": {"uv": [6.5, 2.5, 2.5, 0], "texture": "#0"},
				"down": {"uv": [10.5, 0, 6.5, 2.5], "texture": "#0"}
			}
		},
		{
			"from": [3, 5.5, -0.03125],
			"to": [8, 7, 2.46875],
			"rotation": {"angle": 0, "axis": "x", "origin": [5.5, 6.25, 1.21875]},
			"faces": {
				"north": {"uv": [1, 15.5, 3.5, 16], "texture": "#0"},
				"east": {"uv": [0, 15.5, 1, 16], "texture": "#0"},
				"south": {"uv": [4.5, 15.5, 7, 16], "texture": "#0"},
				"west": {"uv": [3.5, 15.5, 4.5, 16], "texture": "#0"},
				"up": {"uv": [3.5, 15.5, 1, 14.5], "texture": "#0"},
				"down": {"uv": [6, 14.5, 3.5, 15.5], "texture": "#0"}
			}
		},
		{
			"from": [7.25, 10.75, -0.1875],
			"to": [10.25, 12.25, 2.3125],
			"rotation": {"angle": 0, "axis": "y", "origin": [0.125, 0, 0.625]},
			"faces": {
				"north": {"uv": [12, 1, 13.5, 1.5], "texture": "#0"},
				"east": {"uv": [11, 1, 12, 1.5], "texture": "#0"},
				"south": {"uv": [14.5, 1, 16, 1.5], "texture": "#0"},
				"west": {"uv": [13.5, 1, 14.5, 1.5], "texture": "#0"},
				"up": {"uv": [13.5, 1, 12, 0], "texture": "#0"},
				"down": {"uv": [15, 0, 13.5, 1], "texture": "#0"}
			}
		},
		{
			"from": [8.6, 1.1, -0.05],
			"to": [11.1, 2.6, 1.95],
			"rotation": {"angle": 0, "axis": "y", "origin": [9.925, 2.30031, 1.45293]},
			"faces": {
				"north": {"uv": [13, 4, 14, 4.5], "texture": "#0"},
				"east": {"uv": [12, 4, 13, 4.5], "texture": "#0"},
				"south": {"uv": [15, 4, 16, 4.5], "texture": "#0"},
				"west": {"uv": [14, 4, 15, 4.5], "texture": "#0"},
				"up": {"uv": [14, 4, 13, 3], "texture": "#0"},
				"down": {"uv": [15, 3, 14, 4], "texture": "#0"}
			}
		},
		{
			"from": [6.6, 2.25483, 0.00972],
			"to": [13.1, 3.25483, 4.00972],
			"rotation": {"angle": 0, "axis": "x", "origin": [9.925, 2.30031, 1.45293]},
			"faces": {
				"north": {"uv": [2, 5, 5, 5.5], "texture": "#0"},
				"east": {"uv": [0, 5, 2, 5.5], "texture": "#0"},
				"south": {"uv": [7, 5, 10, 5.5], "texture": "#0"},
				"west": {"uv": [5, 5, 7, 5.5], "texture": "#0"},
				"up": {"uv": [5, 5, 2, 3], "texture": "#0"},
				"down": {"uv": [8, 3, 5, 5], "texture": "#0"}
			}
		}
	]
}