{
	"credit": "Made with Blockbench",
	"parent": "block/block",
	"textures": {
		"bettergrass": "block/best_grass",
		"top": "block/grass_top",
		"bottom": "block/dirt",
		"particle": "block/dirt",
		"side": "block/grass_block_side",
		"overlay": "block/grass_block_side_overlay",
		"center": "block/best_grass_extra"
	},
	"elements": [
		{
			"name": "Element",
			"from": [0, 0, 0],
			"to": [16, 16, 16],
			"faces": {
				"north": {"uv": [0, 0, 16, 16], "texture": "#side", "cullface": "north"},
				"east": {"uv": [0, 0, 16, 16], "texture": "#side", "cullface": "east"},
				"south": {"uv": [0, 0, 16, 16], "texture": "#side", "cullface": "south"},
				"west": {"uv": [0, 0, 16, 16], "texture": "#side", "cullface": "west"},
				"up": {"uv": [0, 0, 16, 16], "texture": "#top", "cullface": "up", "tintindex": 0},
				"down": {"uv": [0, 0, 16, 16], "texture": "#bottom", "cullface": "down"}
			}
		},
		{
			"name": "Element",
			"from": [0, 0, 0],
			"to": [16, 16, 16],
			"faces": {
				"north": {"uv": [0, 0, 16, 16], "texture": "#overlay", "cullface": "north", "tintindex": 0},
				"east": {"uv": [0, 0, 16, 16], "texture": "#overlay", "cullface": "east", "tintindex": 0},
				"south": {"uv": [0, 0, 16, 16], "texture": "#overlay", "cullface": "south", "tintindex": 0},
				"west": {"uv": [0, 0, 16, 16], "texture": "#overlay", "cullface": "west", "tintindex": 0}
			}
		},
		{
			"name": "PlaneY8",
			"from": [4.5, 16.625, 4],
			"to": [11.75, 16.626, 11.5],
			"shade": false,
			"faces": {
				"up": {"uv": [4.5, 4, 11.75, 11.5], "texture": "#center", "cullface": "up", "tintindex": 0}
			}
		},
		{
			"name": "PlaneY8",
			"from": [10.375, 16.5, 0],
			"to": [17.375, 16.501, 16],
			"shade": false,
			"rotation": {"angle": 0, "axis": "y", "origin": [6.75, 8, 8]},
			"faces": {
				"up": {"uv": [0, 9, 16, 16], "rotation": 90, "texture": "#bettergrass", "cullface": "up", "tintindex": 0}
			}
		},
		{
			"name": "PlaneY8",
			"from": [0, 16.1803, -1.2434],
			"to": [16, 16.1813, 5.7566],
			"shade": false,
			"rotation": {"angle": 0, "axis": "y", "origin": [8, 8, 9.25]},
			"faces": {
				"up": {"uv": [0, 9, 16, 16], "texture": "#bettergrass", "cullface": "up", "tintindex": 0}
			}
		},
		{
			"name": "PlaneY8",
			"from": [-1.1183, 16.8053, 0],
			"to": [5.8817, 16.8063, 16],
			"shade": false,
			"rotation": {"angle": 0, "axis": "y", "origin": [9.5, 8, 8]},
			"faces": {
				"up": {"uv": [0, 9, 16, 16], "rotation": 270, "texture": "#bettergrass", "cullface": "up", "tintindex": 0}
			}
		},
		{
			"name": "PlaneY8",
			"from": [0, 16.625, 9.875],
			"to": [16, 16.626, 16.875],
			"shade": false,
			"rotation": {"angle": 0, "axis": "y", "origin": [8, 8, 6.25]},
			"faces": {
				"up": {"uv": [0, 16, 16, 9], "texture": "#bettergrass", "cullface": "up", "tintindex": 0}
			}
		}
	],
	"display": {
		"thirdperson_righthand": {
			"rotation": [75, 45, 0],
			"translation": [0, 2.5, 0],
			"scale": [0.375, 0.375, 0.375]
		},
		"thirdperson_lefthand": {
			"rotation": [75, 45, 0],
			"translation": [0, 2.5, 0],
			"scale": [0.375, 0.375, 0.375]
		},
		"firstperson_righthand": {
			"rotation": [0, 45, 0],
			"scale": [0.4, 0.4, 0.4]
		},
		"firstperson_lefthand": {
			"rotation": [0, 45, 0],
			"scale": [0.4, 0.4, 0.4]
		},
		"ground": {
			"translation": [0, 3, 0],
			"scale": [0.25, 0.25, 0.25]
		},
		"gui": {
			"rotation": [30, 225, 0],
			"scale": [0.625, 0.625, 0.625]
		},
		"fixed": {
			"scale": [0.5, 0.5, 0.5]
		}
	}
}