{
	"credit": "Made with Blockbench",
	"parent": "block/tinted_cross",
	"textures": {
		"2": "block/grass_horizontal",
		"cross": "block/grass",
		"particle": "block/grass",
		"roots": "block/grassroots"
	},
	"elements": [
		{
			"name": "grassblades",
			"from": [4.2782, 0, -1.7218],
			"to": [4.2792, 16, 14.2782],
			"rotation": {"angle": 22.5, "axis": "y", "origin": [-3.5, -16, 6.5]},
			"faces": {
				"east": {"uv": [0, 0, 16, 16], "texture": "#cross", "tintindex": 0},
				"west": {"uv": [0, 0, 16, 16], "texture": "#cross", "tintindex": 0}
			}
		},
		{
			"name": "grassblades",
			"from": [5.5, -2.5, 5],
			"to": [5.501, 13.5, 21],
			"rotation": {"angle": -22.5, "axis": "y", "origin": [5.5, -18.5, 21]},
			"faces": {
				"east": {"uv": [0, 0, 16, 16], "texture": "#cross", "tintindex": 0},
				"west": {"uv": [0, 0, 16, 15.5], "texture": "#cross", "tintindex": 0}
			}
		},
		{
			"name": "grassblades",
			"from": [7.5, 0, 2.5],
			"to": [23.5, 16, 2.501],
			"rotation": {"angle": -45, "axis": "y", "origin": [7.5, 0, 2.5]},
			"faces": {
				"north": {"uv": [0, 0, 16, 15.5], "texture": "#cross", "tintindex": 0},
				"south": {"uv": [0, 0, 16, 16], "texture": "#cross", "tintindex": 0}
			}
		},
		{
			"name": "grassblades",
			"from": [7.5, 0, 13.5],
			"to": [23.5, 16, 13.501],
			"rotation": {"angle": 45, "axis": "y", "origin": [7.5, 0, 13.5]},
			"faces": {
				"north": {"uv": [0, 0, 16, 16], "texture": "#cross", "tintindex": 0},
				"south": {"uv": [0, 0, 16, 16], "texture": "#cross", "tintindex": 0}
			}
		},
		{
			"name": "grassblades",
			"from": [1, -2.5, 10],
			"to": [17, 13.5, 10.001],
			"rotation": {"angle": -22.5, "axis": "y", "origin": [1, -18.5, 10]},
			"faces": {
				"north": {"uv": [0, 0, 16, 15.5], "texture": "#cross", "tintindex": 0},
				"south": {"uv": [0, 0, 16, 16], "texture": "#cross", "tintindex": 0}
			}
		},
		{
			"name": "grassblades",
			"from": [-7.2782, 0, 4.0282],
			"to": [8.7218, 16, 4.0292],
			"rotation": {"angle": 22.5, "axis": "y", "origin": [0.5, -16, -3.75]},
			"faces": {
				"north": {"uv": [0, 0, 16, 16], "texture": "#cross", "tintindex": 0},
				"south": {"uv": [0, 0, 16, 16], "texture": "#cross", "tintindex": 0}
			}
		},
		{
			"name": "roots",
			"from": [0.875, -14.125, 9.875],
			"to": [16.875, -1.125, 9.876],
			"rotation": {"angle": -22.5, "axis": "y", "origin": [0.875, -14.125, 9.875]},
			"faces": {
				"north": {"uv": [16, 3, 0, 16], "texture": "#roots"},
				"south": {"uv": [16, 3, 0, 16], "texture": "#roots"}
			}
		},
		{
			"name": "roots",
			"from": [7.25, -14.625, 2.375],
			"to": [23.25, 1.375, 2.376],
			"rotation": {"angle": -45, "axis": "y", "origin": [7.25, -14.625, 2.375]},
			"faces": {
				"north": {"uv": [16, 3, 0, 16], "texture": "#roots"},
				"south": {"uv": [16, 3, 0, 16], "texture": "#roots"}
			}
		},
		{
			"name": "roots",
			"from": [7.375, -14.625, 13.375],
			"to": [23.375, 1.375, 13.376],
			"rotation": {"angle": 45, "axis": "y", "origin": [7.375, -14.625, 13.375]},
			"faces": {
				"north": {"uv": [16, 3, 0, 16], "texture": "#roots"},
				"south": {"uv": [16, 3, 0, 16], "texture": "#roots"}
			}
		},
		{
			"name": "roots",
			"from": [-7.4032, -14.625, 3.9032],
			"to": [8.5968, 1.375, 3.9042],
			"rotation": {"angle": 22.5, "axis": "y", "origin": [0.375, -14.625, -3.875]},
			"faces": {
				"north": {"uv": [16, 3, 0, 16], "texture": "#roots"},
				"south": {"uv": [16, 3, 0, 16], "texture": "#roots"}
			}
		},
		{
			"name": "roots",
			"from": [5.4408, -14.125, 5.0338],
			"to": [5.4418, -1.125, 20.84772],
			"rotation": {"angle": -22.5, "axis": "y", "origin": [5.375, -14.125, 20.875]},
			"faces": {
				"east": {"uv": [16, 3, 0, 16], "texture": "#roots"},
				"west": {"uv": [16, 3, 0, 16], "texture": "#roots"}
			}
		},
		{
			"name": "roots",
			"from": [4.1532, -14.625, -1.8468],
			"to": [4.1542, 1.375, 14.1532],
			"rotation": {"angle": 22.5, "axis": "y", "origin": [-3.625, -14.625, 6.375]},
			"faces": {
				"east": {"uv": [16, 3, 0, 16], "texture": "#roots"},
				"west": {"uv": [16, 3, 0, 16], "texture": "#roots"}
			}
		},
		{
			"name": "horizontal",
			"from": [0, 1.15625, 0],
			"to": [16, 1.15625, 16],
			"rotation": {"angle": 22.5, "axis": "y", "origin": [8, 8, 8]},
			"faces": {
				"north": {"uv": [0, 0, 16, 0], "texture": "#2"},
				"east": {"uv": [0, 0, 16, 0], "texture": "#2"},
				"south": {"uv": [0, 0, 16, 0], "texture": "#2"},
				"west": {"uv": [0, 0, 16, 0], "texture": "#2"},
				"up": {"uv": [0, 0, 16, 16], "texture": "#2", "tintindex": 0},
				"down": {"uv": [0, 0, 16, 16], "texture": "#2", "tintindex": 0}
			}
		}
	]
}