{
	"credit": "Made with Blockbench",
	"ambientocclusion": false,
	"texture_size": [32, 32],
	"textures": {
		"1": "block/hanging_roots",
		"particle": "block/hanging_roots"
	},
	"elements": [
		{
			"from": [-1.7, 0, 6],
			"to": [12.7, 16, 6],
			"shade": false,
			"rotation": {"angle": 22.5, "axis": "y", "origin": [8, 8, 8], "rescale": true},
			"faces": {
				"north": {"uv": [0, 0, 8, 8], "texture": "#1"},
				"east": {"uv": [12, 8, 12, 16], "texture": "#1"},
				"south": {"uv": [0, 0, 8, 8], "texture": "#1"},
				"west": {"uv": [4, 8, 4, 16], "texture": "#1"},
				"up": {"uv": [0.4, 4, 7.6, 4], "texture": "#1"},
				"down": {"uv": [0.4, 12, 7.6, 12], "texture": "#1"}
			}
		},
		{
			"from": [5.5, 0, -1.2],
			"to": [5.5, 16, 13.2],
			"shade": false,
			"rotation": {"angle": 22.5, "axis": "y", "origin": [8, 8, 8], "rescale": true},
			"faces": {
				"north": {"uv": [12, 8, 12, 16], "texture": "#1"},
				"east": {"uv": [0, 0, 8, 8], "texture": "#1"},
				"south": {"uv": [4, 8, 4, 16], "texture": "#1"},
				"west": {"uv": [0, 0, 8, 8], "texture": "#1"},
				"up": {"uv": [4, 0.4, 4, 7.6], "texture": "#1"},
				"down": {"uv": [4, 8.4, 4, 15.6], "texture": "#1"}
			}
		},
		{
			"from": [5.5, -16, -1.2],
			"to": [5.5, 0, 13.2],
			"shade": false,
			"rotation": {"angle": 22.5, "axis": "y", "origin": [8, 8, 8], "rescale": true},
			"faces": {
				"north": {"uv": [12, 16, 12, 16], "texture": "#1"},
				"east": {"uv": [0, 8, 8, 16], "texture": "#1"},
				"south": {"uv": [4, 16, 4, 16], "texture": "#1"},
				"west": {"uv": [0, 8, 8, 16], "texture": "#1"},
				"up": {"uv": [4, 0.4, 4, 7.6], "texture": "#1"},
				"down": {"uv": [4, 8.4, 4, 15.6], "texture": "#1"}
			}
		},
		{
			"from": [-1.7, -16, 6],
			"to": [12.7, 0, 6],
			"shade": false,
			"rotation": {"angle": 22.5, "axis": "y", "origin": [8, 8, 8], "rescale": true},
			"faces": {
				"north": {"uv": [0, 8, 8, 16], "texture": "#1"},
				"east": {"uv": [12, 16, 12, 16], "texture": "#1"},
				"south": {"uv": [0, 8, 8, 16], "texture": "#1"},
				"west": {"uv": [4, 16, 4, 16], "texture": "#1"},
				"up": {"uv": [0.4, 4, 7.6, 4], "texture": "#1"},
				"down": {"uv": [0.4, 12, 7.6, 12], "texture": "#1"}
			}
		},
		{
			"from": [1.8, -16, 6.5],
			"to": [16.2, 0, 6.5],
			"shade": false,
			"rotation": {"angle": -45, "axis": "y", "origin": [8, 8, 8], "rescale": true},
			"faces": {
				"north": {"uv": [0, 8, 8, 16], "texture": "#1"},
				"east": {"uv": [12, 16, 12, 16], "texture": "#1"},
				"south": {"uv": [0, 8, 8, 16], "texture": "#1"},
				"west": {"uv": [4, 16, 4, 16], "texture": "#1"},
				"up": {"uv": [0.4, 4, 7.6, 4], "texture": "#1"},
				"down": {"uv": [0.4, 12, 7.6, 12], "texture": "#1"}
			}
		},
		{
			"from": [1.8, 0, 6.5],
			"to": [16.2, 16, 6.5],
			"shade": false,
			"rotation": {"angle": -45, "axis": "y", "origin": [8, 8, 8], "rescale": true},
			"faces": {
				"north": {"uv": [0, 0, 8, 8], "texture": "#1"},
				"east": {"uv": [12, 8, 12, 16], "texture": "#1"},
				"south": {"uv": [0, 0, 8, 8], "texture": "#1"},
				"west": {"uv": [4, 8, 4, 16], "texture": "#1"},
				"up": {"uv": [0.4, 4, 7.6, 4], "texture": "#1"},
				"down": {"uv": [0.4, 12, 7.6, 12], "texture": "#1"}
			}
		},
		{
			"from": [9, 0, -0.7],
			"to": [9, 16, 13.7],
			"shade": false,
			"rotation": {"angle": -45, "axis": "y", "origin": [8, 8, 8], "rescale": true},
			"faces": {
				"north": {"uv": [12, 8, 12, 16], "texture": "#1"},
				"east": {"uv": [0, 0, 8, 8], "texture": "#1"},
				"south": {"uv": [4, 8, 4, 16], "texture": "#1"},
				"west": {"uv": [0, 0, 8, 8], "texture": "#1"},
				"up": {"uv": [4, 0.4, 4, 7.6], "texture": "#1"},
				"down": {"uv": [4, 8.4, 4, 15.6], "texture": "#1"}
			}
		},
		{
			"from": [9, -16, -0.7],
			"to": [9, 0, 13.7],
			"shade": false,
			"rotation": {"angle": -45, "axis": "y", "origin": [8, 8, 8], "rescale": true},
			"faces": {
				"north": {"uv": [12, 16, 12, 16], "texture": "#1"},
				"east": {"uv": [0, 8, 8, 16], "texture": "#1"},
				"south": {"uv": [4, 16, 4, 16], "texture": "#1"},
				"west": {"uv": [0, 8, 8, 16], "texture": "#1"},
				"up": {"uv": [4, 0.4, 4, 7.6], "texture": "#1"},
				"down": {"uv": [4, 8.4, 4, 15.6], "texture": "#1"}
			}
		}
	],
	"display": {
		"thirdperson_righthand": {
			"rotation": [75, 45, 0],
			"translation": [0, 2.5, 0],
			"scale": [0.375, 0.375, 0.375]
		},
		"thirdperson_lefthand": {
			"rotation": [75, 45, 0],
			"translation": [0, 2.5, 0],
			"scale": [0.375, 0.375, 0.375]
		},
		"firstperson_righthand": {
			"rotation": [0, 45, 0],
			"scale": [0.4, 0.4, 0.4]
		},
		"firstperson_lefthand": {
			"rotation": [0, 225, 0],
			"scale": [0.4, 0.4, 0.4]
		},
		"ground": {
			"translation": [0, 3, 0],
			"scale": [0.25, 0.25, 0.25]
		},
		"gui": {
			"rotation": [30, 225, 0],
			"scale": [0.625, 0.625, 0.625]
		},
		"fixed": {
			"scale": [0.5, 0.5, 0.5]
		}
	}
}