{
	"credit": "Made with Blockbench",
	"ambientocclusion": false,
	"texture_size": [32, 32],
	"textures": {
		"0": "block/eucalyptus_leaves_1",
		"3": "block/eucalyptus_leaves_2",
		"particle": "block/eucalyptus_leaves_1"
	},
	"elements": [
		{
			"from": [-12.72578, -8, 8],
			"to": [28.87422, 24, 8],
			"shade": true,
			"rotation": {"angle": 45, "axis": "y", "origin": [8.07422, 8, 8]},
			"faces": {
				"north": {"uv": [0, 0, 16, 16], "texture": "#0", "tintindex": 0},
				"south": {"uv": [0, 0, 16, 16], "texture": "#0", "tintindex": 0}
			}
		},
		{
			"from": [-12.72578, -8, 7.92969],
			"to": [28.87422, 24, 7.92969],
			"shade": true,
			"rotation": {"angle": -45, "axis": "y", "origin": [8.07422, 8, 7.92969]},
			"faces": {
				"north": {"uv": [0, 0, 16, 16], "texture": "#3", "tintindex": 0},
				"south": {"uv": [0, 0, 16, 16], "texture": "#3", "tintindex": 0}
			}
		},
		{
			"from": [-6.5, 7.65625, -8],
			"to": [16, 7.65625, 24],
			"shade": true,
			"rotation": {"angle": 45, "axis": "z", "origin": [5.5, 11.65625, 0]},
			"faces": {
				"up": {"uv": [0, 2.5, 16, 13.75], "rotation": 90, "texture": "#3", "tintindex": 0},
				"down": {"uv": [0, 2.5, 16, 13.75], "rotation": 90, "texture": "#3", "tintindex": 0}
			}
		},
		{
			"from": [-8, 8.65846, -3.40381],
			"to": [24, 8.65846, 19.09619],
			"shade": true,
			"rotation": {"angle": -45, "axis": "x", "origin": [8, 8.55859, 7.9231]},
			"faces": {
				"up": {"uv": [0, 2.5, 16, 13.75], "texture": "#3", "tintindex": 0},
				"down": {"uv": [0, 2.5, 16, 13.75], "texture": "#3", "tintindex": 0}
			}
		},
		{
			"from": [-6.25, 8.53516, -8],
			"to": [16.25, 8.53516, 24],
			"shade": true,
			"rotation": {"angle": -45, "axis": "z", "origin": [5.75, 4.53516, 0]},
			"faces": {
				"up": {"uv": [0, 2.5, 16, 13.75], "rotation": 90, "texture": "#3", "tintindex": 0},
				"down": {"uv": [0, 2.5, 16, 13.75], "rotation": 90, "texture": "#3", "tintindex": 0}
			}
		},
		{
			"from": [-8, 7.70581, -3.22703],
			"to": [24, 7.70581, 19.27297],
			"shade": true,
			"rotation": {"angle": 45, "axis": "x", "origin": [8, 7.62891, 7.9231]},
			"faces": {
				"up": {"uv": [0, 2.75, 16, 14], "texture": "#3", "tintindex": 0},
				"down": {"uv": [0, 2.5, 16, 13.75], "texture": "#3", "tintindex": 0}
			}
		}
	],
	"display": {
		"thirdperson_righthand": {
			"rotation": [75, 45, 0],
			"translation": [0, 2.5, 0],
			"scale": [0.375, 0.375, 0.375]
		},
		"thirdperson_lefthand": {
			"rotation": [75, 45, 0],
			"translation": [0, 2.5, 0],
			"scale": [0.375, 0.375, 0.375]
		},
		"firstperson_righthand": {
			"rotation": [0, 45, 0],
			"scale": [0.4, 0.4, 0.4]
		},
		"firstperson_lefthand": {
			"rotation": [0, 225, 0],
			"scale": [0.4, 0.4, 0.4]
		},
		"ground": {
			"translation": [0, 3, 0],
			"scale": [0.25, 0.25, 0.25]
		},
		"gui": {
			"rotation": [30, 225, 0],
			"scale": [0.625, 0.625, 0.625]
		},
		"fixed": {
			"scale": [0.5, 0.5, 0.5]
		}
	},
	"groups": [0, 1,
		{
			"name": "group",
			"origin": [8, 8, 8],
			"children": [2, 3, 4, 5]
		}
	]
}