{
	"credit": "Made with Blockbench",
	"ambientocclusion": false,
	"texture_size": [32, 32],
	"textures": {
		"0": "block/eucalyptus_leaves_1",
		"3": "block/eucalyptus_leaves_2",
		"particle": "block/eucalyptus_leaves_1"
	},
	"elements": [
		{
			"from": [-12.96406, -8, 8.07031],
			"to": [28.63594, 24, 8.07031],
			"shade": true,
			"rotation": {"angle": 45, "axis": "y", "origin": [7.83594, 8, 8.07031]},
			"faces": {
				"north": {"uv": [0, 0, 16, 16], "texture": "#0", "tintindex": 0},
				"south": {"uv": [0, 0, 16, 16], "texture": "#0", "tintindex": 0}
			}
		},
		{
			"from": [-12.95234, -8, 7.85547],
			"to": [28.64766, 24, 7.85547],
			"shade": true,
			"rotation": {"angle": -45, "axis": "y", "origin": [7.84766, 8, 7.85547]},
			"faces": {
				"north": {"uv": [0, 0, 16, 16], "texture": "#3", "tintindex": 0},
				"south": {"uv": [0, 0, 16, 16], "texture": "#3", "tintindex": 0}
			}
		},
		{
			"from": [-6.70703, 7.49219, -8],
			"to": [15.79297, 7.49219, 24],
			"shade": true,
			"rotation": {"angle": 45, "axis": "z", "origin": [5.29297, 11.49219, 0]},
			"faces": {
				"up": {"uv": [0, 2.5, 16, 13.75], "rotation": 90, "texture": "#3", "tintindex": 0},
				"down": {"uv": [0, 2.25, 16, 13.5], "rotation": 90, "texture": "#3", "tintindex": 0}
			}
		},
		{
			"from": [-8, 8.66237, -3.47412],
			"to": [24, 8.66237, 19.02588],
			"shade": true,
			"rotation": {"angle": -45, "axis": "x", "origin": [8, 8.5625, 7.85279]},
			"faces": {
				"up": {"uv": [0, 2.5, 16, 13.75], "texture": "#3", "tintindex": 0},
				"down": {"uv": [0, 2.25, 16, 13.5], "rotation": 90, "texture": "#3", "tintindex": 0}
			}
		},
		{
			"from": [-6.11328, 8.88672, -8],
			"to": [16.38672, 8.88672, 24],
			"shade": true,
			"rotation": {"angle": -45, "axis": "z", "origin": [5.88672, 4.88672, 0]},
			"faces": {
				"up": {"uv": [0, 2.5, 16, 13.75], "rotation": 90, "texture": "#3", "tintindex": 0},
				"down": {"uv": [0, 2.25, 16, 13.5], "rotation": 90, "texture": "#3", "tintindex": 0}
			}
		},
		{
			"from": [-8, 8.93237, -3.15672],
			"to": [24, 8.93237, 19.34328],
			"shade": true,
			"rotation": {"angle": 45, "axis": "x", "origin": [8, 8.85547, 7.99341]},
			"faces": {
				"up": {"uv": [0, 2.5, 16, 13.75], "texture": "#3", "tintindex": 0},
				"down": {"uv": [0, 2.25, 16, 13.5], "texture": "#3", "tintindex": 0}
			}
		}
	],
	"display": {
		"thirdperson_righthand": {
			"rotation": [75, 45, 0],
			"translation": [0, 2.5, 0],
			"scale": [0.375, 0.375, 0.375]
		},
		"thirdperson_lefthand": {
			"rotation": [75, 45, 0],
			"translation": [0, 2.5, 0],
			"scale": [0.375, 0.375, 0.375]
		},
		"firstperson_righthand": {
			"rotation": [0, 45, 0],
			"scale": [0.4, 0.4, 0.4]
		},
		"firstperson_lefthand": {
			"rotation": [0, 225, 0],
			"scale": [0.4, 0.4, 0.4]
		},
		"ground": {
			"translation": [0, 3, 0],
			"scale": [0.25, 0.25, 0.25]
		},
		"gui": {
			"rotation": [30, 225, 0],
			"scale": [0.625, 0.625, 0.625]
		},
		"fixed": {
			"scale": [0.5, 0.5, 0.5]
		}
	},
	"groups": [0, 1,
		{
			"name": "group",
			"origin": [8, 8, 8],
			"children": [2, 3, 4, 5]
		}
	]
}