{"parent": "block/block",
"textures": {
  "particle": "block/planks_jungle",
  "texture": "block/junglefence",
  "junglefencetop": "block/junglefencetop"
},
"elements": [ 
{
  "__comment": "top bar*",
  "from": [ 0, 9, 7 ],
  "to": [ 2, 14.5, 9.0625 ],
  "rotation": { "origin": [ 0, 14.5, 7 ], "axis": "z", "angle": 22.5 },
  "faces": {
    "down": { "uv": [ 16, 9.0625, 14, 7 ], "texture": "#junglefencetop" },
    "up":  { "uv": [ 0, 7, 2, 9.0625 ], "texture": "#junglefencetop" },
    "north": { "uv": [ 7, 10.5, 9, 16 ], "texture": "#junglefencetop" },
    "south": { "uv": [ 7, 10.5, 9, 16 ], "texture": "#junglefencetop" },
    "west": { "uv": [ 6.5, 10.5, 8.5625, 16 ], "texture": "#junglefencetop" },
    "east": { "uv": [ 6.5, 10.5, 8.5625, 16 ], "texture": "#junglefencetop" }
  }
},
{
  "__comment": "Right-hand post*",
  "from": [ 0, 0, 6.8125 ],
  "to": [ 2, 16, 9.3125 ],
  "faces": {
    "down": { "uv": [ 14, 7, 16, 9 ], "texture": "#junglefencetop" },
    "up":  { "uv": [ 14, 7, 16, 9 ], "texture": "#junglefencetop" },
    "north": { "uv": [ 7, 0, 9, 16 ], "texture": "#texture" },
    "south": { "uv": [ 7, 0, 9, 16 ], "texture": "#texture" },
    "west": { "uv": [ 7, 0, 9, 16 ], "texture": "#texture" },
    "east": { "uv": [ 7, 0, 9, 16 ], "texture": "#texture" }
  }
},
{
  "__comment": "top bar*",
  "from": [ 1.875, 5, 7.125 ],
  "to": [ 3.875, 10.5, 9 ],
  "faces": {
    "down": { "uv": [ 1.875, 7.125, 3.875, 9 ], "texture": "#junglefencetop" },
    "up":  { "uv": [ 1.875, 7.125, 3.875, 9 ], "texture": "#junglefencetop" },
    "north": { "uv": [ 7, 10.5, 9, 16 ], "texture": "#junglefencetop" },
    "south": { "uv": [ 7, 10.5, 9, 16 ], "texture": "#junglefencetop" },
    "west": { "uv": [ 7, 10.5, 8.875, 16 ], "texture": "#junglefencetop" },
    "east": { "uv": [ 7, 10.5, 8.875, 16 ], "texture": "#junglefencetop" }
  }
},
{
  "__comment": "top bar*",
  "from": [ 2, 1, 7 ],
  "to": [ 4, 6.5, 9.0625 ],
  "faces": {
    "down": { "uv": [ 2, 7, 4, 9.0625 ], "texture": "#junglefencetop" },
    "up":  { "uv": [ 2, 7, 4, 9.0625 ], "texture": "#junglefencetop" },
    "north": { "uv": [ 6.5, 10.5, 8.5, 16 ], "texture": "#junglefencetop" },
    "south": { "uv": [ 7.5, 10.5, 9.5, 16 ], "texture": "#junglefencetop" },
    "west": { "uv": [ 7, 10.5, 9.0625, 16 ], "texture": "#junglefencetop" },
    "east": { "uv": [ 6.5, 10.5, 8.5625, 16 ], "texture": "#junglefencetop" }
  }
},
{
  "__comment": "Right-hand post*",
  "from": [ 14, 0, 6.8125 ],
  "to": [ 16, 16, 9.3125 ],
  "faces": {
    "down": { "uv": [ 14, 7, 16, 9 ], "texture": "#junglefencetop" },
    "up":  { "uv": [ 14, 7, 16, 9 ], "texture": "#junglefencetop" },
    "north": { "uv": [ 7, 0, 9, 16 ], "texture": "#texture" },
    "south": { "uv": [ 7, 0, 9, 16 ], "texture": "#texture" },
    "west": { "uv": [ 7, 0, 9, 16 ], "texture": "#texture" },
    "east": { "uv": [ 7, 0, 9, 16 ], "texture": "#texture" }
  }
}
]
}