{
	"credit": "Made with Blockbench",
	"textures": {
		"texture": "block/crystal",
		"particle": "block/crystal"
	},
	"elements": [
		{
			"name": "Element",
			"from": [8, 0.125, 4.5],
			"to": [10.5, 4.625, 7],
			"rotation": {"angle": -22.5, "axis": "y", "origin": [8, 0.125, 4.5]},
			"faces": {
				"north": {"uv": [4, 9, 6.5, 13.5], "texture": "#texture"},
				"east": {"uv": [9.5, 9, 12, 13.5], "texture": "#texture"},
				"south": {"uv": [9.5, 9, 12, 13.5], "texture": "#texture"},
				"west": {"uv": [9.5, 9, 12, 13.5], "texture": "#texture"},
				"up": {"uv": [8, 6, 10.5, 8.5], "texture": "#texture"},
				"down": {"uv": [0, 11, 2.5, 13.5], "texture": "#texture", "cullface": "down"}
			}
		},
		{
			"name": "Element",
			"from": [6.5, -1.5, 6.5],
			"to": [9, 5, 9],
			"rotation": {"angle": 0, "axis": "y", "origin": [8, 6.5, 8]},
			"faces": {
				"north": {"uv": [8.5, 9.5, 11, 16], "texture": "#texture"},
				"east": {"uv": [8.5, 9.5, 11, 16], "texture": "#texture"},
				"south": {"uv": [8.5, 9.5, 11, 16], "texture": "#texture"},
				"west": {"uv": [8.5, 9.5, 11, 16], "texture": "#texture"},
				"up": {"uv": [8, 6.5, 10.5, 9], "texture": "#texture"},
				"down": {"uv": [5, 11.5, 7.5, 14], "texture": "#texture", "cullface": "down"}
			}
		},
		{
			"name": "Element",
			"from": [8.5, 0, 9],
			"to": [10, 3, 10.5],
			"rotation": {"angle": 22.5, "axis": "x", "origin": [8.5, 0, 9]},
			"faces": {
				"north": {"uv": [9, 10, 10.5, 13], "texture": "#texture"},
				"east": {"uv": [9, 10, 10.5, 13], "texture": "#texture"},
				"south": {"uv": [9, 10, 10.5, 13], "texture": "#texture"},
				"west": {"uv": [4.5, 10, 6, 13], "texture": "#texture"},
				"up": {"uv": [8, 8, 9.5, 9.5], "texture": "#texture"},
				"down": {"uv": [9, 12, 10.5, 13.5], "texture": "#texture", "cullface": "down"}
			}
		},
		{
			"name": "Element",
			"from": [10, 0, 4],
			"to": [12.5, 2, 6.5],
			"faces": {
				"north": {"uv": [0, 9.5, 2.5, 11.5], "texture": "#texture"},
				"east": {"uv": [0, 9.5, 2.5, 11.5], "texture": "#texture"},
				"south": {"uv": [5, 9.5, 7.5, 11.5], "texture": "#texture"},
				"west": {"uv": [0, 9.5, 2.5, 11.5], "texture": "#texture"},
				"up": {"uv": [8.5, 6.5, 11, 9], "texture": "#texture"},
				"down": {"uv": [9, 12.5, 11.5, 15], "texture": "#texture", "cullface": "down"}
			}
		},
		{
			"name": "Element",
			"from": [3, 0, 3.5],
			"to": [5.5, 4, 6],
			"rotation": {"angle": 22.5, "axis": "y", "origin": [5.5, 0, 3.5]},
			"faces": {
				"north": {"uv": [4, 9.5, 6.5, 13.5], "texture": "#texture"},
				"east": {"uv": [4, 9.5, 6.5, 13.5], "texture": "#texture"},
				"south": {"uv": [6, 9.5, 8.5, 13.5], "texture": "#texture"},
				"west": {"uv": [12.5, 9.5, 15, 13.5], "texture": "#texture"},
				"up": {"uv": [3.5, 6.5, 6, 9], "texture": "#texture"},
				"down": {"uv": [12, 11.5, 14.5, 14], "texture": "#texture", "cullface": "down"}
			}
		},
		{
			"name": "Element",
			"from": [3.5, -0.5, 8],
			"to": [5, 1.5, 9.5],
			"rotation": {"angle": 22.5, "axis": "z", "origin": [3.5, -0.5, 8]},
			"faces": {
				"north": {"uv": [4.5, 10, 6, 11.5], "texture": "#texture"},
				"east": {"uv": [4.5, 10, 6, 11.5], "texture": "#texture"},
				"south": {"uv": [4.5, 10, 6, 11.5], "texture": "#texture"},
				"west": {"uv": [4.5, 10, 6, 11.5], "texture": "#texture"},
				"up": {"uv": [4.5, 7.5, 6, 9], "texture": "#texture"},
				"down": {"uv": [4.5, 11.5, 6, 13], "texture": "#texture", "cullface": "down"}
			}
		},
		{
			"name": "Element",
			"from": [7.5, -0.5, 1.5],
			"to": [9, 1.5, 3],
			"rotation": {"angle": -22.5, "axis": "x", "origin": [7.5, -0.5, 1.5]},
			"faces": {
				"north": {"uv": [4.5, 10, 6, 11.5], "texture": "#texture"},
				"east": {"uv": [9, 10, 10.5, 11.5], "texture": "#texture"},
				"south": {"uv": [4.5, 10, 6, 11.5], "texture": "#texture"},
				"west": {"uv": [4.5, 10, 6, 11.5], "texture": "#texture"},
				"up": {"uv": [1.5, 6.5, 3, 8], "texture": "#texture"},
				"down": {"uv": [7.5, 11.5, 9, 13], "texture": "#texture", "cullface": "down"}
			}
		}
	]
}