{
	"credit": "Made with Blockbench",
	"texture_size": [32, 32],
	"textures": {
		"0": "block/lightning_rod_bottom",
		"particle": "block/lightning_rod_bottom"
	},
	"elements": [
		{
			"from": [8, 0, 0],
			"to": [8, 16, 16],
			"rotation": {"angle": 45, "axis": "y", "origin": [8, 16, 8]},
			"faces": {
				"north": {"uv": [12, 8, 12, 16], "texture": "#0"},
				"east": {"uv": [8, 8, 16, 16], "texture": "#0"},
				"south": {"uv": [4, 8, 4, 16], "texture": "#0"},
				"west": {"uv": [16, 8, 8, 16], "texture": "#0"},
				"up": {"uv": [3.97748, 0, 3.97748, 9.35248], "texture": "#0"},
				"down": {"uv": [3.97748, 6.64752, 3.97748, 16], "texture": "#0"}
			}
		},
		{
			"from": [8, 16, 0],
			"to": [8, 32, 16],
			"rotation": {"angle": 45, "axis": "y", "origin": [8, 16, 8]},
			"faces": {
				"north": {"uv": [12, 0, 12, 8], "texture": "#0"},
				"east": {"uv": [8, 0, 16, 8], "texture": "#0"},
				"south": {"uv": [4, 0, 4, 8], "texture": "#0"},
				"west": {"uv": [16, 0, 8, 8], "texture": "#0"},
				"up": {"uv": [3.97748, 0, 3.97748, 9.35248], "texture": "#0"},
				"down": {"uv": [3.97748, 6.64752, 3.97748, 16], "texture": "#0"}
			}
		},
		{
			"from": [0, 16, 8],
			"to": [16, 32, 8],
			"rotation": {"angle": 45, "axis": "y", "origin": [8, 16, 8]},
			"faces": {
				"north": {"uv": [8, 0, 0, 8], "texture": "#0"},
				"east": {"uv": [12, 0, 12, 8], "texture": "#0"},
				"south": {"uv": [0, 0, 8, 8], "texture": "#0"},
				"west": {"uv": [4, 0, 4, 8], "texture": "#0"},
				"up": {"uv": [0, 3.97748, 9.35248, 3.97748], "rotation": 90, "texture": "#0"},
				"down": {"uv": [0, 12.02252, 9.35248, 12.02252], "rotation": 270, "texture": "#0"}
			}
		},
		{
			"from": [0, 0, 8],
			"to": [16, 16, 8],
			"rotation": {"angle": 45, "axis": "y", "origin": [8, 16, 8]},
			"faces": {
				"north": {"uv": [8, 8, 0, 16], "texture": "#0"},
				"east": {"uv": [12, 8, 12, 16], "texture": "#0"},
				"south": {"uv": [0, 8, 8, 16], "texture": "#0"},
				"west": {"uv": [4, 8, 4, 16], "texture": "#0"},
				"up": {"uv": [0, 3.97748, 9.35248, 3.97748], "rotation": 90, "texture": "#0"},
				"down": {"uv": [0, 12.02252, 9.35248, 12.02252], "rotation": 270, "texture": "#0"}
			}
		}
	]
}