{
	"textures": {
		"particle": "block/light_blue_candle",
		"candle": "block/light_blue_candle",
		"stand": "block/candle_stand",
		"flame": "block/candle_lit",
		"flame2": "block/light_blue_candle_lit"
	},
	"elements": [ 	 
		{
			"from": [ 7.5, 0, 7.5 ],
			"to": [ 8.5, 16, 8.5 ],
			"faces": {
				"north": { "uv": [ 7.5, 0, 8.5, 16 ], "texture": "#stand" },
				"south": { "uv": [ 7.5, 0, 8.5, 16 ], "texture": "#stand" },
				"west": { "uv": [ 7.5, 0, 8.5, 16 ], "texture": "#stand" },
				"east": { "uv": [ 7.5, 0, 8.5, 16 ], "texture": "#stand" }
			}
		},
		{
			"from": [ 8, 0, 0 ],
			"to": [ 8.001, 16, 16 ],
			"rotation": { "origin": [ 8, 8, 8 ], "axis": "y", "angle": 45 },
			"faces": {
				"west": { "uv": [ 0, 0, 16, 16 ], "texture": "#stand" },
				"east": { "uv": [ 0, 0, 16, 16 ], "texture": "#stand" }
			}
		},
		{
			"from": [ 0, 0, 8 ],
			"to": [ 16, 3.5, 8.001 ],
			"rotation": { "origin": [ 8, 1.75, 8 ], "axis": "y", "angle": 45 },
			"faces": {
				"north": { "uv": [ 0, 12.5, 16, 16 ], "texture": "#stand" },
				"south": { "uv": [ 0, 12.5, 16, 16 ], "texture": "#stand" }
			}
		},
		{
			"from": [ 4, 3.5, 8 ],
			"to": [ 12, 16, 8.001 ],
			"rotation": { "origin": [ 8, 1.75, 8 ], "axis": "y", "angle": 45 },
			"faces": {
				"north": { "uv": [ 4, 0, 12, 12.5 ], "texture": "#stand" },
				"south": { "uv": [ 4, 0, 12, 12.5 ], "texture": "#stand" }
			}
		},
		{
			"from": [ 12, 12.5, 6.3432 ],
			"to": [ 12.001, 15.5, 9.6569 ],
			"faces": {
				"west": { "uv": [ 0, 0, 3.5, 3 ], "texture": "#candle" },
				"east": { "uv": [ 0, 0, 3.5, 3 ], "texture": "#candle" }
			}
		},
		{
			"from": [ 12, 12.5, 6.3431 ],
			"to": [ 12.001, 15.5, 9.6568 ],
			"rotation": { "origin": [ 8, 13.5, 8 ], "axis": "y", "angle": -45 },
			"faces": {
				"west": { "uv": [ 3.5, 0, 7, 3 ], "texture": "#candle" },
				"east": { "uv": [ 3.5, 0, 7, 3 ], "texture": "#candle" }
			}
		},
		{
			"from": [ 6.3432, 12.5, 12 ],
			"to": [ 9.6569, 15.5, 12.001 ],
			"faces": {
				"north": { "uv": [ 0, 0, 3.5, 3 ], "texture": "#candle" },
				"south": { "uv": [ 0, 0, 3.5, 3 ], "texture": "#candle" }
			}
		},
		{
			"from": [ 6.3432, 12.5, 12 ],
			"to": [ 9.6569, 15.5, 12.001 ],
			"rotation": { "origin": [ 8, 13.5, 8 ], "axis": "y", "angle": -45 },
			"faces": {
				"north": { "uv": [ 3.5, 0, 7, 3 ], "texture": "#candle" },
				"south": { "uv": [ 3.5, 0, 7, 3 ], "texture": "#candle" }
			}
		},
		{
			"from": [ 4, 12.5, 6.3432 ],
			"to": [ 4.001, 15.5, 9.6569 ],
			"faces": {
				"west": { "uv": [ 0, 0, 3.5, 3 ], "texture": "#candle" },
				"east": { "uv": [ 0, 0, 3.5, 3 ], "texture": "#candle" }
			}
		},
		{
			"from": [ 4, 12.5, 6.3432 ],
			"to": [ 4.001, 15.5, 9.6569 ],
			"rotation": { "origin": [ 8, 13.5, 8 ], "axis": "y", "angle": -45 },
			"faces": {
				"west": { "uv": [ 3.5, 0, 7, 3 ], "texture": "#candle" },
				"east": { "uv": [ 3.5, 0, 7, 3 ], "texture": "#candle" }
			}
		},
		{
			"from": [ 6.3432, 12.5, 4 ],
			"to": [ 9.6569, 15.5, 4.001 ],
			"faces": {
				"north": { "uv": [ 0, 0, 3.5, 3 ], "texture": "#candle" },
				"south": { "uv": [ 0, 0, 3.5, 3 ], "texture": "#candle" }
			}
		},
		{
			"from": [ 6.3431, 12.5, 4 ],
			"to": [ 9.6568, 15.5, 4.001 ],
			"rotation": { "origin": [ 8, 13.5, 8 ], "axis": "y", "angle": -45 },
			"faces": {
				"north": { "uv": [ 3.5, 0, 7, 3 ], "texture": "#candle" },
				"south": { "uv": [ 3.5, 0, 7, 3 ], "texture": "#candle" }
			}
		},
		{
			"from": [ 7.25, 16, 7.25 ],
			"to": [ 8.75, 21, 8.75 ],
			"faces": {
				"north": { "uv": [ 2.5, 6, 4, 11 ], "texture": "#candle", "cullface": "up" },
				"south": { "uv": [ 2.5, 6, 4, 11 ], "texture": "#candle", "cullface": "up" },
				"west": { "uv": [ 2.5, 6, 4, 11 ], "texture": "#candle", "cullface": "up" },
				"east": { "uv": [ 2.5, 6, 4, 11 ], "texture": "#candle", "cullface": "up" }
			}
		},
		{
			"from": [ 7.25, 18, 7.25 ],
			"to": [ 8.75, 21, 7.251 ],
			"rotation": { "origin": [ 8, 21, 7.25 ], "axis": "x", "angle": -22.5 },
			"faces": {
				"south": { "uv": [ 3.5, 6, 2, 9 ], "texture": "#candle" }
			}
		},
		{
			"from": [ 8.75, 18, 7.25 ],
			"to": [ 8.751, 21, 8.75 ],
			"rotation": { "origin": [ 8.75, 21, 8 ], "axis": "z", "angle": -22.5 },
			"faces": {
				"west": { "uv": [ 3.5, 6, 2, 9 ], "texture": "#candle" }
			}
		},
		{
			"from": [ 7.25, 18, 7.25 ],
			"to": [ 7.251, 21, 8.75 ],
			"rotation": { "origin": [ 7.25, 21, 8 ], "axis": "z", "angle": 22.5 },
			"faces": {
				"east": { "uv": [ 3.5, 6, 2, 9 ], "texture": "#candle" }
			}
		},
		{
			"from": [ 7.25, 18, 8.75 ],
			"to": [ 8.75, 21, 8.751 ],
			"rotation": { "origin": [ 8, 21, 8.75 ], "axis": "x", "angle": 22.5 },
			"faces": {
				"north": { "uv": [ 3.5, 6, 2, 9 ], "texture": "#candle" }
			}
		},
		{
			"from": [ 6.25, 20.5, 8 ],
			"to": [ 9.75, 24.5, 8.001 ],
			"faces": {
				"north": { "uv": [ 10, 2, 6.5, 6 ], "texture": "#flame2" },
				"south": { "uv": [ 10, 2, 6.5, 6 ], "texture": "#flame2" }
			}
		},
		{
			"from": [ 8, 20.5, 6.25 ],
			"to": [ 8.001, 24.5, 9.75 ],
			"faces": {
				"west": { "uv": [ 10, 2, 6.5, 6 ], "texture": "#flame2" },
				"east": { "uv": [ 10, 2, 6.5, 6 ], "texture": "#flame2" }
			}
		},
		{
			"from": [ 6.75, 16, 6.75 ],
			"to": [ 9.25, 17.5, 9.25 ],
			"faces": {
				"down": { "uv": [ 7, 0, 9.5, 2.5 ], "texture": "#candle", "cullface": "up" },
				"north": { "uv": [ 9.5, 0, 12, 1.5 ], "texture": "#candle", "cullface": "up" },
				"south": { "uv": [ 9.5, 0, 12, 1.5 ], "texture": "#candle", "cullface": "up" },
				"west": { "uv": [ 9.5, 0, 12, 1.5 ], "texture": "#candle", "cullface": "up" },
				"east": { "uv": [ 9.5, 0, 12, 1.5 ], "texture": "#candle", "cullface": "up" }
			}
		},
		{
			"from": [ 2.25, 14, 2.25 ],
			"to": [ 3.75, 19, 3.75 ],
			"faces": {
				"north": { "uv": [ 0, 6, 1.5, 11 ], "texture": "#candle", "cullface": "up" },
				"south": { "uv": [ 0, 6, 1.5, 11 ], "texture": "#candle", "cullface": "up" },
				"west": { "uv": [ 0, 6, 1.5, 11 ], "texture": "#candle", "cullface": "up" },
				"east": { "uv": [ 0, 6, 1.5, 11 ], "texture": "#candle", "cullface": "up" }
			}
		},
		{
			"from": [ 2.25, 16, 2.25 ],
			"to": [ 3.75, 19, 2.251 ],
			"rotation": { "origin": [ 3, 19, 2.25 ], "axis": "x", "angle": -22.5 },
			"faces": {
				"south": { "uv": [ 0.5, 6, 2, 9 ], "texture": "#candle" }
			}
		},
		{
			"from": [ 3.75, 16, 2.25 ],
			"to": [ 3.751, 19, 3.75 ],
			"rotation": { "origin": [ 3.75, 19, 3 ], "axis": "z", "angle": -22.5 },
			"faces": {
				"west": { "uv": [ 0.5, 6, 2, 9 ], "texture": "#candle" }
			}
		},
		{
			"from": [ 2.25, 16, 2.25 ],
			"to": [ 2.251, 19, 3.75 ],
			"rotation": { "origin": [ 2.25, 19, 3 ], "axis": "z", "angle": 22.5 },
			"faces": {
				"east": { "uv": [ 0.5, 6, 2, 9 ], "texture": "#candle" }
			}
		},
		{
			"from": [ 2.25, 16, 3.75 ],
			"to": [ 3.75, 19, 3.751 ],
			"rotation": { "origin": [ 3, 19, 3.75 ], "axis": "x", "angle": 22.5 },
			"faces": {
				"north": { "uv": [ 0.5, 6, 2, 9 ], "texture": "#candle" }
			}
		},
		{
			"from": [ 1.25, 18.5, 3 ],
			"to": [ 4.75, 22.5, 3.001 ],
			"faces": {
				"north": { "uv": [ 10, 2, 6.5, 6 ], "texture": "#flame" },
				"south": { "uv": [ 10, 2, 6.5, 6 ], "texture": "#flame" },
				"west": { "uv": [ 0, 0, 0, 0 ], "texture": "#flame" },
				"east": { "uv": [ 0, 0, 0, 0 ], "texture": "#flame" }
			}
		},
		{
			"from": [ 3, 18.5, 1.25 ],
			"to": [ 3.001, 22.5, 4.75 ],
			"faces": {
				"north": { "uv": [ 0, 0, 0, 0 ], "texture": "#flame" },
				"south": { "uv": [ 0, 0, 0, 0 ], "texture": "#flame" },
				"west": { "uv": [ 10, 2, 6.5, 6 ], "texture": "#flame" },
				"east": { "uv": [ 10, 2, 6.5, 6 ], "texture": "#flame" }
			}
		},
		{
			"from": [ 1.75, 14, 1.75 ],
			"to": [ 4.25, 15.5, 4.25 ],
			"faces": {
				"down": { "uv": [ 7, 0, 9.5, 2.5 ], "texture": "#candle", "cullface": "up" },
				"north": { "uv": [ 9.5, 0, 12, 1.5 ], "texture": "#candle", "cullface": "up" },
				"south": { "uv": [ 9.5, 0, 12, 1.5 ], "texture": "#candle", "cullface": "up" },
				"west": { "uv": [ 9.5, 0, 12, 1.5 ], "texture": "#candle", "cullface": "up" },
				"east": { "uv": [ 9.5, 0, 12, 1.5 ], "texture": "#candle", "cullface": "up" }
			}
		},
		{
			"from": [ 12.25, 14, 12.25 ],
			"to": [ 13.75, 19, 13.75 ],
			"faces": {
				"north": { "uv": [ 0, 6, 1.5, 11 ], "texture": "#candle", "cullface": "up" },
				"south": { "uv": [ 0, 6, 1.5, 11 ], "texture": "#candle", "cullface": "up" },
				"west": { "uv": [ 0, 6, 1.5, 11 ], "texture": "#candle", "cullface": "up" },
				"east": { "uv": [ 0, 6, 1.5, 11 ], "texture": "#candle", "cullface": "up" }
			}
		},
		{
			"from": [ 12.25, 16, 13.749 ],
			"to": [ 13.75, 19, 13.75 ],
			"rotation": { "origin": [ 13, 19, 13.75 ], "axis": "x", "angle": 22.5 },
			"faces": {
				"north": { "uv": [ 0.5, 6, 2, 9 ], "texture": "#candle" }
			}
		},
		{
			"from": [ 12.249, 16, 12.25 ],
			"to": [ 12.25, 19, 13.75 ],
			"rotation": { "origin": [ 12.25, 19, 13 ], "axis": "z", "angle": 22.5 },
			"faces": {
				"east": { "uv": [ 0.5, 6, 2, 9 ], "texture": "#candle" }
			}
		},
		{
			"from": [ 13.749, 16, 12.25 ],
			"to": [ 13.75, 19, 13.75 ],
			"rotation": { "origin": [ 13.75, 19, 13 ], "axis": "z", "angle": -22.5 },
			"faces": {
				"west": { "uv": [ 0.5, 6, 2, 9 ], "texture": "#candle" }
			}
		},
		{
			"from": [ 12.25, 16, 12.249 ],
			"to": [ 13.75, 19, 12.25 ],
			"rotation": { "origin": [ 13, 19, 12.25 ], "axis": "x", "angle": -22.5 },
			"faces": {
				"south": { "uv": [ 0.5, 6, 2, 9 ], "texture": "#candle" }
			}
		},
		{
			"from": [ 11.25, 18.5, 12.999 ],
			"to": [ 14.75, 22.5, 13 ],
			"faces": {
				"north": { "uv": [ 10, 2, 6.5, 6 ], "texture": "#flame" },
				"south": { "uv": [ 10, 2, 6.5, 6 ], "texture": "#flame" },
				"west": { "uv": [ 0, 0, 0, 0 ], "texture": "#flame" },
				"east": { "uv": [ 0, 0, 0, 0 ], "texture": "#flame" }
			}
		},
		{
			"from": [ 12.999, 18.5, 11.25 ],
			"to": [ 13, 22.5, 14.75 ],
			"faces": {
				"north": { "uv": [ 0, 0, 0, 0 ], "texture": "#flame" },
				"south": { "uv": [ 0, 0, 0, 0 ], "texture": "#flame" },
				"west": { "uv": [ 10, 2, 6.5, 6 ], "texture": "#flame" },
				"east": { "uv": [ 10, 2, 6.5, 6 ], "texture": "#flame" }
			}
		},
		{
			"from": [ 11.75, 14, 11.75 ],
			"to": [ 14.25, 15.5, 14.25 ],
			"faces": {
				"down": { "uv": [ 9.5, 2.5, 7, 0 ], "texture": "#candle", "cullface": "up" },
				"north": { "uv": [ 9.5, 0, 12, 1.5 ], "texture": "#candle", "cullface": "up" },
				"south": { "uv": [ 9.5, 0, 12, 1.5 ], "texture": "#candle", "cullface": "up" },
				"west": { "uv": [ 9.5, 0, 12, 1.5 ], "texture": "#candle", "cullface": "up" },
				"east": { "uv": [ 9.5, 0, 12, 1.5 ], "texture": "#candle", "cullface": "up" }
			}
		}
	]
}