{
	"credit": "Made with Blockbench",
	"parent": "block/block",
	"textures": {
		"1": "block/waterlily_flower",
		"2": "block/waterlily_root",
		"4": "block/lily_pad",
		"particle": "block/lily_pad"
	},
	"elements": [
		{
			"name": "waterlily_root",
			"from": [4, -8, 11],
			"to": [12, 0, 11],
			"rotation": {"angle": 45, "axis": "y", "origin": [5, -8, 11], "rescale": true},
			"faces": {
				"north": {"uv": [0, 0, 16, 16], "texture": "#2"},
				"east": {"uv": [0, 0, 16, 16], "texture": "#2"},
				"south": {"uv": [0, 0, 16, 16], "texture": "#2"},
				"west": {"uv": [0, 0, 16, 16], "texture": "#2"},
				"up": {"uv": [0, 0, 16, 16], "texture": "#2"},
				"down": {"uv": [0, 0, 16, 16], "texture": "#2"}
			}
		},
		{
			"name": "waterlily_root",
			"from": [5, -8, 4],
			"to": [5, 0, 12],
			"rotation": {"angle": 45, "axis": "y", "origin": [5, -8, 5], "rescale": true},
			"faces": {
				"north": {"uv": [0, 0, 16, 16], "texture": "#2"},
				"east": {"uv": [0, 0, 16, 16], "texture": "#2"},
				"south": {"uv": [0, 0, 16, 16], "texture": "#2"},
				"west": {"uv": [0, 0, 16, 16], "texture": "#2"},
				"up": {"uv": [0, 0, 16, 16], "texture": "#2"},
				"down": {"uv": [0, 0, 16, 16], "texture": "#2"}
			}
		},
		{
			"name": "PlaneY",
			"from": [0, 0, 0],
			"to": [16, 0, 16],
			"faces": {
				"up": {"uv": [0, 0, 16, 16], "texture": "#4", "tintindex": 0},
				"down": {"uv": [0, 16, 16, 0], "texture": "#4", "tintindex": 0}
			}
		},
		{
			"name": "waterlily_flower",
			"from": [6, 0, 4.5],
			"to": [6, 8, 12.5],
			"rotation": {"angle": 45, "axis": "y", "origin": [5, -8, 5], "rescale": true},
			"faces": {
				"north": {"uv": [0, 0, 16, 16], "texture": "#1"},
				"east": {"uv": [0, 0, 16, 16], "texture": "#1"},
				"south": {"uv": [0, 0, 16, 16], "texture": "#1"},
				"west": {"uv": [0, 0, 16, 16], "texture": "#1"},
				"up": {"uv": [0, 0, 16, 16], "texture": "#1"},
				"down": {"uv": [0, 0, 16, 16], "texture": "#1"}
			}
		},
		{
			"name": "waterlily_flower",
			"from": [5, 0, 11.5],
			"to": [13, 8, 11.5],
			"rotation": {"angle": 45, "axis": "y", "origin": [5, -8, 11], "rescale": true},
			"faces": {
				"north": {"uv": [0, 0, 16, 16], "texture": "#1"},
				"east": {"uv": [0, 0, 16, 16], "texture": "#1"},
				"south": {"uv": [0, 0, 16, 16], "texture": "#1"},
				"west": {"uv": [0, 0, 16, 16], "texture": "#1"},
				"up": {"uv": [0, 0, 16, 16], "texture": "#1"},
				"down": {"uv": [0, 0, 16, 16], "texture": "#1"}
			}
		}
	]
}