{
	"parent": "block/block",
	"display": {
		"thirdperson_righthand": {
			"rotation":  [ 75, 180, 0 ],
			"translation":  [ 0, 3.5, 3 ],
			"scale":  [ 0.575, 0.575, 0.575 ]
		},
		"thirdperson_lefthand": {
			"rotation":  [ 75, 180, 0 ],
			"translation":  [ 0, 3.5, 3 ],
			"scale":  [ 0.575, 0.575, 0.575 ]
		},
		"firstperson_righthand": {
			"rotation":  [ 15, 180, 0 ],
			"translation":  [ -1, 6, 0 ],
			"scale":  [ 0.6, 0.6, 0.6 ]
		},
		"firstperson_lefthand": {
			"rotation":  [ 15, 180, 0 ],
			"translation":  [ -1, 6, 0 ],
			"scale":  [ 0.6, 0.6, 0.6 ]
		},
		"gui": {
			"rotation":  [ 30, 225, 0 ],
			"translation":  [ 0, 1, 0 ],
			"scale":  [ 0.725, 0.725, 0.725 ]
		}
	},
	"textures": {
		"particle": "block/candle_on_hand",
		"holder": "block/candle_on_hand",
		"candle": "block/lime_candle_lit",
		"flame": "block/lime_candle_flame"
	},
	"elements": [ 	 
		{
			"from": [ 6, 0.25, 0 ],
			"to": [ 8, 2.25, 3.5 ],
			"faces": {
				"down": { "uv": [ 8.5, 12.5, 10.5, 16 ], "texture": "#holder" },
				"up": { "uv": [ 1.5, 12.5, 3.5, 16 ], "texture": "#holder" },
				"north": { "uv": [ 5, 14, 7, 16 ], "texture": "#holder" },
				"west": { "uv": [ 1.5, 12.5, 3.5, 16 ], "texture": "#holder", "rotation": 90 },
				"east": { "uv": [ 1.5, 12.5, 3.5, 16 ], "texture": "#holder", "rotation": 90 }
			}
		},
		{
			"from": [ 8.75, 0.5, 0 ],
			"to": [ 9.75, 2, 3.5 ],
			"faces": {
				"down": { "uv": [ 11, 12.5, 12, 16 ], "texture": "#holder" },
				"up": { "uv": [ 4, 12.5, 5, 16 ], "texture": "#holder" },
				"north": { "uv": [ 5.5, 14.5, 6.5, 16 ], "texture": "#holder" },
				"west": { "uv": [ 2, 12.5, 3.5, 16 ], "texture": "#holder", "rotation": 90 },
				"east": { "uv": [ 2, 12.5, 3.5, 16 ], "texture": "#holder", "rotation": 90 }
			}
		},
		{
			"from": [ 8, 0.275, 0 ],
			"to": [ 9, 2.225, 3.5 ],
			"rotation": { "origin": [ 9, 1.25, 3.5 ], "axis": "y", "angle": 22.5 },
			"faces": {
				"down": { "uv": [ 7, 12.5, 8, 16 ], "texture": "#holder" },
				"up": { "uv": [ 1, 12.5, 2, 16 ], "texture": "#holder" },
				"east": { "uv": [ 1.5, 12.5, 3.625, 16 ], "texture": "#holder", "rotation": 90 }
			}
		},
		{
			"from": [ 4.5, 0.5, 4.5 ],
			"to": [ 11.5, 2.5, 9 ],
			"faces": {
				"down": { "uv": [ 7, 9, 14, 13.5 ], "texture": "#holder" },
				"up": { "uv": [ 0, 9, 7, 13.5 ], "texture": "#holder" },
				"north": { "uv": [ 0, 11.5, 7, 13.5 ], "texture": "#holder" },
				"south": { "uv": [ 0, 9, 7, 11 ], "texture": "#holder" },
				"west": { "uv": [ 5, 9, 7, 13.5 ], "texture": "#holder", "rotation": 90 },
				"east": { "uv": [ 0, 9, 2, 13.5 ], "texture": "#holder", "rotation": 90 }
			}
		},
		{
			"from": [ 5.5, 0, 4.5 ],
			"to": [ 10.5, 0.5, 8 ],
			"faces": {
				"down": { "uv": [ 8, 10, 13, 13.5 ], "texture": "#holder" },
				"north": { "uv": [ 1, 13, 6, 13.5 ], "texture": "#holder" },
				"south": { "uv": [ 8, 9, 13, 9.5 ], "texture": "#holder" },
				"west": { "uv": [ 5, 9.5, 5.5, 13 ], "texture": "#holder", "rotation": 90 },
				"east": { "uv": [ 0, 9.5, 0.5, 13 ], "texture": "#holder", "rotation": 90 }
			}
		},
		{
			"from": [ 5.5, 0.225, 3 ],
			"to": [ 10.5, 2.275, 4.5 ],
			"faces": {
				"down": { "uv": [ 7, 14.5, 12, 16 ], "texture": "#holder" },
				"up": { "uv": [ 0, 14.5, 5, 16 ], "texture": "#holder" },
				"north": { "uv": [ 0, 14, 5, 16 ], "texture": "#holder" },
				"west": { "uv": [ 1.5, 14.5, 3.5, 16 ], "texture": "#holder", "rotation": 90 },
				"east": { "uv": [ 1.5, 14.5, 3.5, 16 ], "texture": "#holder", "rotation": 90 }
			}
		},
		{
			"from": [ 1.5, 0.5, 6.5 ],
			"to": [ 4.5, 2, 8 ],
			"rotation": { "origin": [ 4.5, 0.5, 7.25 ], "axis": "z", "angle": -45 },
			"faces": {
				"down": { "uv": [ 0, 6, 3, 7.5 ], "texture": "#holder", "rotation": 180 },
				"up": { "uv": [ 0, 6, 3, 7.5 ], "texture": "#holder", "rotation": 180 },
				"north": { "uv": [ 0, 6, 3, 7.5 ], "texture": "#holder" },
				"south": { "uv": [ 0, 6, 3, 7.5 ], "texture": "#holder" },
				"west": { "uv": [ 0, 6, 1.5, 7.5 ], "texture": "#holder" }
			}
		},
		{
			"from": [ 2.3787, 2.6213, 6.75 ],
			"to": [ 3.8787, 5.6213, 7.75 ],
			"faces": {
				"up": { "uv": [ 4.5, 6, 5.5, 7.5 ], "texture": "#holder", "rotation": 90 },
				"north": { "uv": [ 3, 6, 6, 7.5 ], "texture": "#holder", "rotation": 270 },
				"south": { "uv": [ 3, 6, 6, 7.5 ], "texture": "#holder", "rotation": 90 },
				"west": { "uv": [ 3, 6, 6, 7 ], "texture": "#holder", "rotation": 270 },
				"east": { "uv": [ 3, 6, 6, 7 ], "texture": "#holder", "rotation": 270 }
			}
		},
		{
			"from": [ 4.6, 0.5, 9 ],
			"to": [ 6.15, 2.5, 9.5 ],
			"faces": {
				"down": { "uv": [ 7.5, 8.5, 9, 9 ], "texture": "#holder" },
				"up": { "uv": [ 0.5, 8.5, 2, 9 ], "texture": "#holder" },
				"south": { "uv": [ 2, 9, 3.5, 11 ], "texture": "#holder" },
				"west": { "uv": [ 0.5, 8.5, 2, 9 ], "texture": "#holder", "rotation": 270 },
				"east": { "uv": [ 0.5, 8.5, 2, 9 ], "texture": "#holder", "rotation": 270 }
			}
		},
		{
			"from": [ 4.625, 0.5, 9.5 ],
			"to": [ 6.125, 2, 12.5 ],
			"rotation": { "origin": [ 5.375, 0.5, 9.5 ], "axis": "x", "angle": -45 },
			"faces": {
				"down": { "uv": [ 0, 0, 3, 1.5 ], "texture": "#holder", "rotation": 270 },
				"up": { "uv": [ 0, 0, 3, 1.5 ], "texture": "#holder", "rotation": 90 },
				"south": { "uv": [ 0, 0, 1.5, 1.5 ], "texture": "#holder" },
				"west": { "uv": [ 0, 0, 3, 1.5 ], "texture": "#holder" },
				"east": { "uv": [ 0, 0, 3, 1.5 ], "texture": "#holder" }
			}
		},
		{
			"from": [ 4.875, 2.6213, 10.1213 ],
			"to": [ 5.875, 6.6213, 11.6213 ],
			"rotation": { "origin": [ 5.375, 2.62132, 11.62132 ], "axis": "x", "angle": 22.5 },
			"faces": {
				"up": { "uv": [ 5.5, 0, 6.5, 1.5 ], "texture": "#holder" },
				"north": { "uv": [ 3, 0, 7, 1 ], "texture": "#holder", "rotation": 270 },
				"south": { "uv": [ 3, 0, 7, 1 ], "texture": "#holder", "rotation": 270 },
				"west": { "uv": [ 3, 0, 7, 1.5 ], "texture": "#holder", "rotation": 270 },
				"east": { "uv": [ 3, 0, 7, 1.5 ], "texture": "#holder", "rotation": 90 }
			}
		},
		{
			"from": [ 6.35, 0.5, 9 ],
			"to": [ 7.9, 2.5, 10 ],
			"faces": {
				"down": { "uv": [ 9, 8, 10.5, 9 ], "texture": "#holder" },
				"up": { "uv": [ 2, 8, 3.5, 9 ], "texture": "#holder" },
				"south": { "uv": [ 2, 9, 3.5, 11 ], "texture": "#holder" },
				"west": { "uv": [ 2, 8, 3.5, 9 ], "texture": "#holder", "rotation": 270 },
				"east": { "uv": [ 2, 8, 3.5, 9 ], "texture": "#holder", "rotation": 270 }
			}
		},
		{
			"from": [ 6.375, 0.5, 10 ],
			"to": [ 7.875, 2, 13 ],
			"rotation": { "origin": [ 7.125, 0.5, 10 ], "axis": "x", "angle": -45 },
			"faces": {
				"down": { "uv": [ 0, 1.5, 3, 3 ], "texture": "#holder", "rotation": 270 },
				"up": { "uv": [ 0, 1.5, 3, 3 ], "texture": "#holder", "rotation": 90 },
				"south": { "uv": [ 0, 1.5, 1.5, 3 ], "texture": "#holder" },
				"west": { "uv": [ 0, 1.5, 3, 3 ], "texture": "#holder" },
				"east": { "uv": [ 0, 1.5, 3, 3 ], "texture": "#holder" }
			}
		},
		{
			"from": [ 6.625, 2.6213, 10.6213 ],
			"to": [ 7.625, 7.1213, 12.1213 ],
			"rotation": { "origin": [ 7.125, 2.62132, 12.12132 ], "axis": "x", "angle": 22.5 },
			"faces": {
				"up": { "uv": [ 6, 1.5, 7, 3 ], "texture": "#holder" },
				"north": { "uv": [ 3, 1.5, 7.5, 2.5 ], "texture": "#holder", "rotation": 270 },
				"south": { "uv": [ 3, 1.5, 7.5, 2.5 ], "texture": "#holder", "rotation": 270 },
				"west": { "uv": [ 3, 1.5, 7.5, 3 ], "texture": "#holder", "rotation": 270 },
				"east": { "uv": [ 3, 1.5, 7.5, 3 ], "texture": "#holder", "rotation": 90 }
			}
		},
		{
			"from": [ 8.099999, 0.5, 9 ],
			"to": [ 9.649999, 2.5, 9.5 ],
			"faces": {
				"down": { "uv": [ 10.5, 8.5, 12, 9 ], "texture": "#holder" },
				"up": { "uv": [ 3.5, 8.5, 5, 9 ], "texture": "#holder" },
				"south": { "uv": [ 2, 9, 3.5, 11 ], "texture": "#holder" },
				"west": { "uv": [ 3.5, 8.5, 5, 9 ], "texture": "#holder", "rotation": 270 },
				"east": { "uv": [ 3.5, 8.5, 5, 9 ], "texture": "#holder", "rotation": 270 }
			}
		},
		{
			"from": [ 8.125, 0.5, 9.5 ],
			"to": [ 9.625, 2, 12.5 ],
			"rotation": { "origin": [ 8.875, 0.5, 9.5 ], "axis": "x", "angle": -22.5 },
			"faces": {
				"down": { "uv": [ 0, 3, 3, 4.5 ], "texture": "#holder", "rotation": 270 },
				"up": { "uv": [ 0, 3, 3, 4.5 ], "texture": "#holder", "rotation": 90 },
				"south": { "uv": [ 0, 3, 1.5, 4.5 ], "texture": "#holder" },
				"west": { "uv": [ 0, 3, 3, 4.5 ], "texture": "#holder" },
				"east": { "uv": [ 0, 3, 3, 4.5 ], "texture": "#holder" }
			}
		},
		{
			"from": [ 8.375, 1.648, 10.7716 ],
			"to": [ 9.375, 6.148, 12.2716 ],
			"rotation": { "origin": [ 8.875, 1.64805, 12.27164 ], "axis": "x", "angle": 22.5 },
			"faces": {
				"up": { "uv": [ 6, 3, 7, 4.5 ], "texture": "#holder" },
				"north": { "uv": [ 3, 3, 7.5, 4 ], "texture": "#holder", "rotation": 270 },
				"south": { "uv": [ 3, 3, 7.5, 4 ], "texture": "#holder", "rotation": 270 },
				"west": { "uv": [ 3, 3, 7.5, 4.5 ], "texture": "#holder", "rotation": 270 },
				"east": { "uv": [ 3, 3, 7.5, 4.5 ], "texture": "#holder", "rotation": 90 }
			}
		},
		{
			"from": [ 9.875, 0.5, 9 ],
			"to": [ 11.375, 2, 12 ],
			"rotation": { "origin": [ 10.625, 0.5, 9 ], "axis": "x", "angle": -45 },
			"faces": {
				"down": { "uv": [ 0, 4.5, 3, 6 ], "texture": "#holder", "rotation": 270 },
				"up": { "uv": [ 0, 4.5, 3, 6 ], "texture": "#holder", "rotation": 90 },
				"south": { "uv": [ 0, 4.5, 1.5, 6 ], "texture": "#holder" },
				"west": { "uv": [ 0, 4.5, 3, 6 ], "texture": "#holder" },
				"east": { "uv": [ 0, 4.5, 3, 6 ], "texture": "#holder" }
			}
		},
		{
			"from": [ 10.125, 2.6213, 9.6213 ],
			"to": [ 11.125, 5.6213, 11.1213 ],
			"rotation": { "origin": [ 10.625, 2.62132, 11.12132 ], "axis": "x", "angle": 22.5 },
			"faces": {
				"up": { "uv": [ 4.5, 4.5, 5.5, 6 ], "texture": "#holder" },
				"north": { "uv": [ 3, 4.5, 6, 5.5 ], "texture": "#holder", "rotation": 270 },
				"south": { "uv": [ 3, 4.5, 6, 5.5 ], "texture": "#holder", "rotation": 270 },
				"west": { "uv": [ 3, 4.5, 6, 6 ], "texture": "#holder", "rotation": 270 },
				"east": { "uv": [ 3, 4.5, 6, 6 ], "texture": "#holder", "rotation": 90 }
			}
		},
		{
			"from": [ 7, 2.5, 6 ],
			"to": [ 9, 8.5, 8 ],
			"faces": {
				"up": { "uv": [ 7, 6, 9, 8 ], "texture": "#candle" },
				"north": { "uv": [ 7, 6, 9, 12 ], "texture": "#candle" },
				"south": { "uv": [ 7, 6, 9, 12 ], "texture": "#candle" },
				"west": { "uv": [ 7, 6, 9, 12 ], "texture": "#candle" },
				"east": { "uv": [ 7, 6, 9, 12 ], "texture": "#candle" }
			}
		},
		{
			"from": [ 6.25, 8.5, 7 ],
			"to": [ 9.75, 12.5, 7.001 ],
			"faces": {
				"north": { "uv": [ 6.5, 2, 10, 6 ], "texture": "#candle" },
				"south": { "uv": [ 10, 2, 6.5, 6 ], "texture": "#candle" }
			}
		},
		{
			"from": [ 8, 8.5, 5.25 ],
			"to": [ 8.001, 12.5, 8.75 ],
			"faces": {
				"west": { "uv": [ 10, 2, 6.5, 6 ], "texture": "#candle" },
				"east": { "uv": [ 6.5, 2, 10, 6 ], "texture": "#candle" }
			}
		},
		{
			"from": [ 8, -9.25, 5.125 ],
			"to": [ 11.625, 2.75, 9.625 ],
			"faces": {
				"up": { "uv": [ 9, 12, 6.75, 13.75 ], "texture": "#flame", "rotation": 90 },
				"south": { "uv": [ 7.75, 12, 9.5, 6 ], "texture": "#flame" },
				"east": { "uv": [ 6.75, 12, 9, 6 ], "texture": "#flame" }
			}
		},
		{
			"from": [ 4.25, -9.25, 5.125 ],
			"to": [ 8, 2.75, 9.625 ],
			"faces": {
				"up": { "uv": [ 6.75, 13.75, 9, 12 ], "texture": "#flame", "rotation": 90 },
				"south": { "uv": [ 6, 12, 7.75, 6 ], "texture": "#flame" },
				"west": { "uv": [ 6.75, 12, 9, 6 ], "texture": "#flame" }
			}
		}
	]
}