{
	"variants": {
		"age=4": { "model": "block/cactus_age4" },
		"age=5": { "model": "block/cactus_age5" },
		"age=6": { "model": "block/cactus_age6" },
		"age=7": { "model": "block/cactus_age7" },
		"age=8": { "model": "block/cactus_age8" },
		"age=9": { "model": "block/cactus_age9" },
		"age=10": { "model": "block/cactus_age10" },
		"age=11": { "model": "block/cactus_age11" },
		"age=12": { "model": "block/cactus_age12" },
		"age=13": { "model": "block/cactus_age13" },
		"age=14": { "model": "block/cactus_age14" },
		"age=15": { "model": "block/cactus_age15" },
		"age=1": { "model": "block/cactus" },
		"age=2": { "model": "block/cactus" },
		"age=3": { "model": "block/cactus" },
		"age=0": { "model": "block/cactus" }
			}
}
