{
    "variants": {
        "facing=north,lit=true": { "model": "block/campfire"},
        "facing=south,lit=true": { "model": "block/campfire1"},
        "facing=east,lit=true": { "model": "block/campfire"},
        "facing=west,lit=true": { "model": "block/campfire1"},
        "facing=north,lit=false": { "model": "block/campfire_off"},
        "facing=south,lit=false": { "model": "block/campfire1_off"},
        "facing=east,lit=false": { "model": "block/campfire_off"},
        "facing=west,lit=false": { "model": "block/campfire1_off"}
    }
}
