{
  "variants": {
    "face=ceiling,facing=east,powered=false": {
      "model": "minecraft:block/crimson_button_ceiling",
      "y": 270
    },
    "face=ceiling,facing=east,powered=true": {
      "model": "minecraft:block/crimson_button_ceiling_pressed",
      "y": 270
    },
    "face=ceiling,facing=north,powered=false": {
      "model": "minecraft:block/crimson_button_ceiling",
      "y": 180
    },
    "face=ceiling,facing=north,powered=true": {
      "model": "minecraft:block/crimson_button_ceiling_pressed",
      "y": 180
    },
    "face=ceiling,facing=south,powered=false": {
      "model": "minecraft:block/crimson_button_ceiling"
      
    },
    "face=ceiling,facing=south,powered=true": {
      "model": "minecraft:block/crimson_button_ceiling_pressed"
      
    },
    "face=ceiling,facing=west,powered=false": {
      "model": "minecraft:block/crimson_button_ceiling",
      "y": 90
    },
    "face=ceiling,facing=west,powered=true": {
      "model": "minecraft:block/crimson_button_ceiling_pressed",
      "y": 90
    },
    "face=floor,facing=east,powered=false": {
      "model": "minecraft:block/crimson_button",
      "y": 90
    },
    "face=floor,facing=east,powered=true": {
      "model": "minecraft:block/crimson_button_pressed",
      "y": 90
    },
    "face=floor,facing=north,powered=false": {
      "model": "minecraft:block/crimson_button"
    },
    "face=floor,facing=north,powered=true": {
      "model": "minecraft:block/crimson_button_pressed"
    },
    "face=floor,facing=south,powered=false": {
      "model": "minecraft:block/crimson_button",
      "y": 180
    },
    "face=floor,facing=south,powered=true": {
      "model": "minecraft:block/crimson_button_pressed",
      "y": 180
    },
    "face=floor,facing=west,powered=false": {
      "model": "minecraft:block/crimson_button",
      "y": 270
    },
    "face=floor,facing=west,powered=true": {
      "model": "minecraft:block/crimson_button_pressed",
      "y": 270
    },
    "face=wall,facing=east,powered=false": {
      "model": "minecraft:block/crimson_button_wall",
      "y": 90
    },
    "face=wall,facing=east,powered=true": {
      "model": "minecraft:block/crimson_button_wall_pressed",
      "y": 90
    },
    "face=wall,facing=north,powered=false": {
      "model": "minecraft:block/crimson_button_wall"
    },
    "face=wall,facing=north,powered=true": {
      "model": "minecraft:block/crimson_button_wall_pressed"
    },
    "face=wall,facing=south,powered=false": {
      "model": "minecraft:block/crimson_button_wall",
      "y": 180
    },
    "face=wall,facing=south,powered=true": {
      "model": "minecraft:block/crimson_button_wall_pressed",
      "y": 180
    },
    "face=wall,facing=west,powered=false": {
      "model": "minecraft:block/crimson_button_wall",
      "y": 270
    },
    "face=wall,facing=west,powered=true": {
      "model": "minecraft:block/crimson_button_wall_pressed",
      "y": 270
    }
  }
}