{
  "variants": {
    "candles=1,lit=false": {
      "model": "minecraft:block/lime_candle_one_candle"
    },
    "candles=1,lit=true": {
      "model": "minecraft:block/lime_candle_one_candle_lit"
    },
    "candles=2,lit=false": {
      "model": "minecraft:block/lime_candle_one_candle",
	  "y": 90
    },
    "candles=2,lit=true": {
      "model": "minecraft:block/lime_candle_one_candle_lit",
	  "y": 90
    },
    "candles=3,lit=false": {
      "model": "minecraft:block/lime_candle_one_candle",
	  "y": 180
    },
    "candles=3,lit=true": {
      "model": "minecraft:block/lime_candle_one_candle_lit",
	  "y": 180
    },
    "candles=4,lit=false": {
      "model": "minecraft:block/lime_candle_one_candle",
	  "y": 270
    },
    "candles=4,lit=true": {
      "model": "minecraft:block/lime_candle_one_candle_lit",
	  "y": 270
    }
  }
}