{
  "variants": {
    "face=ceiling,facing=east,powered=false": {
      "model": "minecraft:block/stone_button",
      "y": 270,
      "x": 180
    },
    "face=ceiling,facing=east,powered=true": {
      "model": "minecraft:block/stone_button_pressed",
      "y": 270,
      "x": 180
    },
    "face=ceiling,facing=north,powered=false": {
      "model": "minecraft:block/stone_button",
      "y": 180,
      "x": 180
    },
    "face=ceiling,facing=north,powered=true": {
      "model": "minecraft:block/stone_button_pressed",
      "y": 180,
      "x": 180
    },
    "face=ceiling,facing=south,powered=false": {
      "model": "minecraft:block/stone_button",
      "x": 180
    },
    "face=ceiling,facing=south,powered=true": {
      "model": "minecraft:block/stone_button_pressed",
      "x": 180
    },
    "face=ceiling,facing=west,powered=false": {
      "model": "minecraft:block/stone_button",
      "y": 90,
      "x": 180
    },
    "face=ceiling,facing=west,powered=true": {
      "model": "minecraft:block/stone_button_pressed",
      "y": 90,
      "x": 180
    },
    "face=floor": [
      {"model": "minecraft:block/stone_button_floor"},
      {"model": "minecraft:block/stone_button_floor_1"},
      {"model": "minecraft:block/stone_button_floor_2"},
      {"model": "minecraft:block/stone_button_floor_3"},
      {"model": "minecraft:block/stone_button_floor_4"},
      {"model": "minecraft:block/stone_button_floor_5"},
      {"model": "minecraft:block/stone_button_floor_6"},
      {"model": "minecraft:block/stone_button_floor"},
      {"model": "minecraft:block/stone_button_floor_1","y": 90},
      {"model": "minecraft:block/stone_button_floor_2","y": 90},
      {"model": "minecraft:block/stone_button_floor_3","y": 90},
      {"model": "minecraft:block/stone_button_floor_4","y": 90},
      {"model": "minecraft:block/stone_button_floor_5","y": 90},
      {"model": "minecraft:block/stone_button_floor_6","y": 90},
      {"model": "minecraft:block/stone_button_floor","y": 180},
      {"model": "minecraft:block/stone_button_floor_1","y": 180},
      {"model": "minecraft:block/stone_button_floor_2","y": 180},
      {"model": "minecraft:block/stone_button_floor_3","y": 180},
      {"model": "minecraft:block/stone_button_floor_4","y": 180},
      {"model": "minecraft:block/stone_button_floor_5","y": 180},
      {"model": "minecraft:block/stone_button_floor_6","y": 180},
      {"model": "minecraft:block/stone_button_floor","y": 270},
      {"model": "minecraft:block/stone_button_floor_1","y": 270},
      {"model": "minecraft:block/stone_button_floor_2","y": 270},
      {"model": "minecraft:block/stone_button_floor_3","y": 270},
      {"model": "minecraft:block/stone_button_floor_4","y": 270},
      {"model": "minecraft:block/stone_button_floor_5","y": 270},
      {"model": "minecraft:block/stone_button_floor_6","y": 270}
    ],

    "face=wall,facing=east,powered=false": {
      "model": "minecraft:block/stone_button",
      "y": 90,
      "x": 90,
      "uvlock": true
    },
    "face=wall,facing=east,powered=true": {
      "model": "minecraft:block/stone_button_pressed",
      "y": 90,
      "x": 90,
      "uvlock": true
    },
    "face=wall,facing=north,powered=false": {
      "model": "minecraft:block/stone_button",
      "x": 90,
      "uvlock": true
    },
    "face=wall,facing=north,powered=true": {
      "model": "minecraft:block/stone_button_pressed",
      "x": 90,
      "uvlock": true
    },
    "face=wall,facing=south,powered=false": {
      "model": "minecraft:block/stone_button",
      "y": 180,
      "x": 90,
      "uvlock": true
    },
    "face=wall,facing=south,powered=true": {
      "model": "minecraft:block/stone_button_pressed",
      "y": 180,
      "x": 90,
      "uvlock": true
    },
    "face=wall,facing=west,powered=false": {
      "model": "minecraft:block/stone_button",
      "y": 270,
      "x": 90,
      "uvlock": true
    },
    "face=wall,facing=west,powered=true": {
      "model": "minecraft:block/stone_button_pressed",
      "y": 270,
      "x": 90,
      "uvlock": true
    }
  }
}